obj_name,obj_type,sub_name,sub_type,rel_name,rel_type
水稻,名称,稻苗疫病,疾病名称,水稻病害,病害类型
水稻,名称,烂秧病,疾病名称,水稻病害,病害类型
水稻,名称,霜霉病,疾病名称,水稻病害,病害类型
水稻,名称,白绢病,疾病名称,水稻病害,病害类型
水稻,名称,稻瘟病,疾病名称,水稻病害,病害类型
水稻,名称,胡麻斑病,疾病名称,水稻病害,病害类型
水稻,名称,叶鞘腐败病,疾病名称,水稻病害,病害类型
水稻,名称,紫鞘病,疾病名称,水稻病害,病害类型
水稻,名称,叶鞘网斑病,疾病名称,水稻病害,病害类型
水稻,名称,叶黑肿病,疾病名称,水稻病害,病害类型
水稻,名称,菌核秆腐病,疾病名称,水稻病害,病害类型
水稻,名称,纹枯病,疾病名称,水稻病害,病害类型
水稻,名称,云形病,疾病名称,水稻病害,病害类型
水稻,名称,叶尖枯病,疾病名称,水稻病害,病害类型
水稻,名称,窄条斑病,疾病名称,水稻病害,病害类型
水稻,名称,谷枯病,疾病名称,水稻病害,病害类型
水稻,名称,一柱香病,疾病名称,水稻病害,病害类型
水稻,名称,稻粒黑粉病,疾病名称,水稻病害,病害类型
水稻,名称,稻曲病,疾病名称,水稻病害,病害类型
水稻,名称,白叶枯病,疾病名称,水稻病害,病害类型
水稻,名称,细菌性条斑病,疾病名称,水稻病害,病害类型
水稻,名称,细菌性谷枯病,疾病名称,水稻病害,病害类型
水稻,名称,细菌性基腐病,疾病名称,水稻病害,病害类型
水稻,名称,细菌性褐斑病,疾病名称,水稻病害,病害类型
水稻,名称,细菌性褐条病,疾病名称,水稻病害,病害类型
水稻,名称,黄叶病,疾病名称,水稻病害,病害类型
水稻,名称,条纹叶枯病,疾病名称,水稻病害,病害类型
水稻,名称,齿矮病,疾病名称,水稻病害,病害类型
水稻,名称,矮缩病,疾病名称,水稻病害,病害类型
水稻,名称,东格鲁病毒病,疾病名称,水稻病害,病害类型
水稻,名称,黄萎病,疾病名称,水稻病害,病害类型
水稻,名称,赤枯病,疾病名称,水稻病害,病害类型
水稻,名称,干尖线虫病,疾病名称,水稻病害,病害类型
水稻,名称,根结线虫病,疾病名称,水稻病害,病害类型
水稻,名称,倒伏,疾病名称,水稻病害,病害类型
水稻,名称,低温冷害,疾病名称,水稻病害,病害类型
水稻,名称,高温热害,疾病名称,水稻病害,病害类型
水稻,名称,营养障碍,疾病名称,水稻病害,病害类型
水稻,名称,黑条矮缩病,疾病名称,水稻病害,病害类型
水稻,名称,青枯病,疾病名称,水稻病害,病害类型
水稻,名称,三化螟,疾病名称,水稻害虫,病害类型
水稻,名称,二化螟,疾病名称,水稻害虫,病害类型
水稻,名称,大螟,疾病名称,水稻害虫,病害类型
水稻,名称,稻纵卷叶螟,疾病名称,水稻害虫,病害类型
水稻,名称,显纹纵卷叶螟,疾病名称,水稻害虫,病害类型
水稻,名称,褐边螟,疾病名称,水稻害虫,病害类型
水稻,名称,台湾稻螟,疾病名称,水稻害虫,病害类型
水稻,名称,稻筒水螟,疾病名称,水稻害虫,病害类型
水稻,名称,稻水螟,疾病名称,水稻害虫,病害类型
水稻,名称,稻金翅夜蛾,疾病名称,水稻害虫,病害类型
水稻,名称,稻巢螟,疾病名称,水稻害虫,病害类型
水稻,名称,直纹稻弄蝶,疾病名称,水稻害虫,病害类型
水稻,名称,稻瘿蚊,疾病名称,水稻害虫,病害类型
水稻,名称,稻秆潜蝇,疾病名称,水稻害虫,病害类型
水稻,名称,菲岛毛眼水蝇,疾病名称,水稻害虫,病害类型
水稻,名称,稻潜叶蝇,疾病名称,水稻害虫,病害类型
水稻,名称,稻绿蝽,疾病名称,水稻害虫,病害类型
水稻,名称,大稻缘蝽,疾病名称,水稻害虫,病害类型
水稻,名称,稻棘缘蝽,疾病名称,水稻害虫,病害类型
水稻,名称,长肩棘缘熔和短肩棘缘蝽,疾病名称,水稻害虫,病害类型
水稻,名称,大绿蝽,疾病名称,水稻害虫,病害类型
水稻,名称,稻黑蝽,疾病名称,水稻害虫,病害类型
水稻,名称,稻褐飞虱,疾病名称,水稻害虫,病害类型
水稻,名称,白背飞虱,疾病名称,水稻害虫,病害类型
水稻,名称,灰飞虱,疾病名称,水稻害虫,病害类型
水稻,名称,长绿飞虱,疾病名称,水稻害虫,病害类型
水稻,名称,黑尾叶蝉,疾病名称,水稻害虫,病害类型
水稻,名称,白翅叶蝉,疾病名称,水稻害虫,病害类型
水稻,名称,电光叶蝉,疾病名称,水稻害虫,病害类型
水稻,名称,小绿叶蝉,疾病名称,水稻害虫,病害类型
水稻,名称,稻简管蓟马,疾病名称,水稻害虫,病害类型
水稻,名称,稻直鬃蓟马,疾病名称,水稻害虫,病害类型
水稻,名称,花蓟马,疾病名称,水稻害虫,病害类型
水稻,名称,禾蓟马,疾病名称,水稻害虫,病害类型
水稻,名称,端大蓟马,疾病名称,水稻害虫,病害类型
水稻,名称,田蚜虫,疾病名称,水稻害虫,病害类型
水稻,名称,稻田粘虫,疾病名称,水稻害虫,病害类型
水稻,名称,中华稻蝗,疾病名称,水稻害虫,病害类型
水稻,名称,芋蝗,疾病名称,水稻害虫,病害类型
水稻,名称,稻白粉虱,疾病名称,水稻害虫,病害类型
水稻,名称,稻赤斑沫蝉,疾病名称,水稻害虫,病害类型
水稻,名称,稻眼蝶,疾病名称,水稻害虫,病害类型
水稻,名称,山稻蝗,疾病名称,水稻害虫,病害类型
水稻,名称,稻负泥甲,疾病名称,水稻害虫,病害类型
水稻,名称,稻铁甲虫,疾病名称,水稻害虫,病害类型
水稻,名称,稻象甲,疾病名称,水稻害虫,病害类型
水稻,名称,周斑水虹,疾病名称,水稻害虫,病害类型
水稻,名称,稻水象甲,疾病名称,水稻害虫,病害类型
水稻,名称,长腿水叶甲,疾病名称,水稻害虫,病害类型
水稻,名称,鳃蚯蚓,疾病名称,水稻害虫,病害类型
水稻,名称,稻田棉铃虫,疾病名称,水稻害虫,病害类型
水稻,名称,福寿螺,疾病名称,水稻害虫,病害类型
麦类,名称,条锈病,疾病名称,大麦病害,病害类型
麦类,名称,褐斑病,疾病名称,大麦病害,病害类型
麦类,名称,云纹病,疾病名称,大麦病害,病害类型
麦类,名称,白粉病,疾病名称,大麦病害,病害类型
麦类,名称,散黑穗病,疾病名称,大麦病害,病害类型
麦类,名称,斑点病,疾病名称,大麦病害,病害类型
麦类,名称,网斑病,疾病名称,大麦病害,病害类型
麦类,名称,细菌条斑病,疾病名称,大麦病害,病害类型
麦类,名称,黄花叶病,疾病名称,大麦病害,病害类型
麦类,名称,纹枯病,疾病名称,大麦病害,病害类型
麦类,名称,叶锈病,疾病名称,大麦病害,病害类型
麦类,名称,条纹病,疾病名称,大麦病害,病害类型
麦类,名称,缺素症,疾病名称,大麦病害,病害类型
麦类,名称,坚黑穗病,疾病名称,大麦病害,病害类型
麦类,名称,麦秆蝇,疾病名称,大麦虫害,病害类型
麦类,名称,黑麦秆蝇,疾病名称,大麦虫害,病害类型
麦类,名称,小麦吸浆虫,疾病名称,大麦虫害,病害类型
麦类,名称,粘虫,疾病名称,大麦虫害,病害类型
麦类,名称,秀夜蛾,疾病名称,大麦虫害,病害类型
麦类,名称,麦凹胫跳甲,疾病名称,大麦虫害,病害类型
麦类,名称,麦穗夜峨,疾病名称,大麦虫害,病害类型
麦类,名称,绿翅脊萤叶甲,疾病名称,大麦虫害,病害类型
麦类,名称,麦田斑须蝽,疾病名称,大麦虫害,病害类型
麦类,名称,十四点负泥甲,疾病名称,大麦虫害,病害类型
麦类,名称,玉米蚜,疾病名称,大麦虫害,病害类型
麦类,名称,麦黑斑潜叶蝇,疾病名称,大麦虫害,病害类型
麦类,名称,麦蜘蛛,疾病名称,大麦虫害,病害类型
麦类,名称,小麦叶蝉,疾病名称,大麦虫害,病害类型
麦类,名称,麦茎蜂,疾病名称,大麦虫害,病害类型
麦类,名称,麦田棉铃虫,疾病名称,大麦虫害,病害类型
麦类,名称,麦茎异跗萤叶甲,疾病名称,大麦虫害,病害类型
麦类,名称,甘薯肖叶甲指名亚种,疾病名称,大麦虫害,病害类型
麦类,名称,麦根蝽象,疾病名称,大麦虫害,病害类型
麦类,名称,麦水蝇,疾病名称,大麦虫害,病害类型
麦类,名称,小麦管蓟马,疾病名称,大麦虫害,病害类型
麦类,名称,麦二叉蚜,疾病名称,大麦虫害,病害类型
麦类,名称,麦长管蚜,疾病名称,大麦虫害,病害类型
麦类,名称,黍蚜,疾病名称,大麦虫害,病害类型
麦类,名称,麦双尾蚜,疾病名称,大麦虫害,病害类型
麦类,名称,二星蝽,疾病名称,大麦虫害,病害类型
麦类,名称,麦种蝇,疾病名称,大麦虫害,病害类型
麦类,名称,西北麦蝽,疾病名称,大麦虫害,病害类型
麦类,名称,条锈病,疾病名称,小麦病害,病害类型
麦类,名称,蜜穗病,疾病名称,小麦病害,病害类型
麦类,名称,白粉病,疾病名称,小麦病害,病害类型
麦类,名称,蠕孢叶斑根腐病,疾病名称,小麦病害,病害类型
麦类,名称,炭疽病,疾病名称,小麦病害,病害类型
麦类,名称,梭条斑花叶病毒病,疾病名称,小麦病害,病害类型
麦类,名称,雪霉叶枯病,疾病名称,小麦病害,病害类型
麦类,名称,黄矮病毒病,疾病名称,小麦病害,病害类型
麦类,名称,壳针孢叶枯病,疾病名称,小麦病害,病害类型
麦类,名称,黄斑叶枯病,疾病名称,小麦病害,病害类型
麦类,名称,秆枯病,疾病名称,小麦病害,病害类型
麦类,名称,冻害,疾病名称,小麦病害,病害类型
麦类,名称,全蚀病,疾病名称,小麦病害,病害类型
麦类,名称,越冬死苗,疾病名称,小麦病害,病害类型
麦类,名称,腥黑穗病和矮腥黑穗病,疾病名称,小麦病害,病害类型
麦类,名称,穗发芽,疾病名称,小麦病害,病害类型
麦类,名称,赤霉病,疾病名称,小麦病害,病害类型
麦类,名称,叶锈病,疾病名称,小麦病害,病害类型
麦类,名称,黑颖病,疾病名称,小麦病害,病害类型
麦类,名称,细菌性条斑病,疾病名称,小麦病害,病害类型
麦类,名称,糜疯病,疾病名称,小麦病害,病害类型
麦类,名称,雪腐病,疾病名称,小麦病害,病害类型
麦类,名称,丛矮病,疾病名称,小麦病害,病害类型
麦类,名称,卷曲病,疾病名称,小麦病害,病害类型
麦类,名称,蓝矮病毒病,疾病名称,小麦病害,病害类型
麦类,名称,粒瘿线虫病,疾病名称,小麦病害,病害类型
麦类,名称,干热风害,疾病名称,小麦病害,病害类型
麦类,名称,纹枯病,疾病名称,小麦病害,病害类型
麦类,名称,缺素症,疾病名称,小麦病害,病害类型
麦类,名称,散黑穗病,疾病名称,小麦病害,病害类型
麦类,名称,倒伏,疾病名称,小麦病害,病害类型
麦类,名称,小麦旺长,疾病名称,小麦病害,病害类型
麦类,名称,秆锈病,疾病名称,小麦病害,病害类型
麦类,名称,颖枯病,疾病名称,小麦病害,病害类型
麦类,名称,链格孢叶枯病,疾病名称,小麦病害,病害类型
麦类,名称,黑节病,疾病名称,小麦病害,病害类型
麦类,名称,白秆病,疾病名称,小麦病害,病害类型
麦类,名称,土传花叶病毒病,疾病名称,小麦病害,病害类型
麦类,名称,灰霉病,疾病名称,小麦病害,病害类型
麦类,名称,红矮病毒病,疾病名称,小麦病害,病害类型
麦类,名称,霜霉病,疾病名称,小麦病害,病害类型
麦类,名称,禾谷胞囊线虫病,疾病名称,小麦病害,病害类型
麦类,名称,眼斑病,疾病名称,小麦病害,病害类型
麦类,名称,湿害,疾病名称,小麦病害,病害类型
麦类,名称,（镰刀菌）根腐病,疾病名称,小麦病害,病害类型
麦类,名称,混杂退化,疾病名称,小麦病害,病害类型
麦类,名称,秆黑粉病,疾病名称,小麦病害,病害类型
麦类,名称,麦秆蝇,疾病名称,小麦虫害,病害类型
麦类,名称,黑麦秆蝇,疾病名称,小麦虫害,病害类型
麦类,名称,小麦吸浆虫,疾病名称,小麦虫害,病害类型
麦类,名称,粘虫,疾病名称,小麦虫害,病害类型
麦类,名称,秀夜蛾,疾病名称,小麦虫害,病害类型
麦类,名称,麦凹胫跳甲,疾病名称,小麦虫害,病害类型
麦类,名称,麦穗夜峨,疾病名称,小麦虫害,病害类型
麦类,名称,绿翅脊萤叶甲,疾病名称,小麦虫害,病害类型
麦类,名称,麦种蝇,疾病名称,小麦虫害,病害类型
麦类,名称,小麦鸟害,疾病名称,小麦虫害,病害类型
麦类,名称,玉米蚜,疾病名称,小麦虫害,病害类型
麦类,名称,麦黑斑潜叶蝇,疾病名称,小麦虫害,病害类型
麦类,名称,麦蜘蛛,疾病名称,小麦虫害,病害类型
麦类,名称,小麦叶蝉,疾病名称,小麦虫害,病害类型
麦类,名称,麦茎蜂,疾病名称,小麦虫害,病害类型
麦类,名称,麦田棉铃虫,疾病名称,小麦虫害,病害类型
麦类,名称,麦茎异跗萤叶甲,疾病名称,小麦虫害,病害类型
麦类,名称,甘薯肖叶甲指名亚种,疾病名称,小麦虫害,病害类型
麦类,名称,麦田斑须蝽,疾病名称,小麦虫害,病害类型
麦类,名称,麦根蝽象,疾病名称,小麦虫害,病害类型
麦类,名称,麦水蝇,疾病名称,小麦虫害,病害类型
麦类,名称,小麦管蓟马,疾病名称,小麦虫害,病害类型
麦类,名称,麦二叉蚜,疾病名称,小麦虫害,病害类型
麦类,名称,麦长管蚜,疾病名称,小麦虫害,病害类型
麦类,名称,黍蚜,疾病名称,小麦虫害,病害类型
麦类,名称,麦双尾蚜,疾病名称,小麦虫害,病害类型
麦类,名称,麦茎谷峨,疾病名称,小麦虫害,病害类型
麦类,名称,二星蝽,疾病名称,小麦虫害,病害类型
麦类,名称,西北麦蝽,疾病名称,小麦虫害,病害类型
麦类,名称,十四点负泥甲,疾病名称,小麦虫害,病害类型
麦类,名称,荞麦立枯病,疾病名称,荞麦病害,病害类型
麦类,名称,荞麦白霉病,疾病名称,荞麦病害,病害类型
麦类,名称,荞麦叶斑病,疾病名称,荞麦病害,病害类型
麦类,名称,荞麦黑斑病,疾病名称,荞麦病害,病害类型
麦类,名称,荞麦褐斑病,疾病名称,荞麦病害,病害类型
麦类,名称,荞麦斑枯病,疾病名称,荞麦病害,病害类型
麦类,名称,荞麦钩翅娥,疾病名称,荞麦虫害,病害类型
麦类,名称,叶斑病,疾病名称,燕麦病害,病害类型
麦类,名称,炭疽病,疾病名称,燕麦病害,病害类型
麦类,名称,红叶病,疾病名称,燕麦病害,病害类型
麦类,名称,坚黑穗病,疾病名称,燕麦病害,病害类型
麦类,名称,锈病,疾病名称,燕麦病害,病害类型
麦类,名称,叶枯病,疾病名称,燕麦病害,病害类型
麦类,名称,散黑穗病,疾病名称,燕麦病害,病害类型
麦类,名称,细菌性条斑病,疾病名称,燕麦病害,病害类型
麦类,名称,胞囊线虫病,疾病名称,燕麦病害,病害类型
麦类,名称,麦秆蝇,疾病名称,燕麦虫害,病害类型
麦类,名称,玉米蚜,疾病名称,燕麦虫害,病害类型
麦类,名称,麦水蝇,疾病名称,燕麦虫害,病害类型
麦类,名称,啤酒花病害,疾病名称,其它病害,病害类型
麦类,名称,黑麦麦角病,疾病名称,其它病害,病害类型
麦类,名称,啤酒花霜霉病,疾病名称,其它病害,病害类型
麦类,名称,黑麦秆锈病,疾病名称,其它病害,病害类型
麦类,名称,啤酒花灰霉病,疾病名称,其它病害,病害类型
麦类,名称,黑麦秆蝇,疾病名称,其它虫害,病害类型
麦类,名称,麦黑斑潜叶蝇,疾病名称,其它虫害,病害类型
麦类,名称,麦蜘蛛,疾病名称,其它虫害,病害类型
玉米,名称,玉米病害,疾病名称,玉米病害,病害类型
玉米,名称,圆斑病,疾病名称,玉米病害,病害类型
玉米,名称,干腐病,疾病名称,玉米病害,病害类型
玉米,名称,丝核菌穗腐病,疾病名称,玉米病害,病害类型
玉米,名称,镰刀菌穗粒腐病,疾病名称,玉米病害,病害类型
玉米,名称,赤霉病,疾病名称,玉米病害,病害类型
玉米,名称,枝孢穗腐病,疾病名称,玉米病害,病害类型
玉米,名称,青霉穗腐病,疾病名称,玉米病害,病害类型
玉米,名称,粉红聚端孢穗腐病,疾病名称,玉米病害,病害类型
玉米,名称,色二孢穗腐病,疾病名称,玉米病害,病害类型
玉米,名称,小斑病T小种穗腐病,疾病名称,玉米病害,病害类型
玉米,名称,灰葡萄孢穗腐病,疾病名称,玉米病害,病害类型
玉米,名称,斑枯病,疾病名称,玉米病害,病害类型
玉米,名称,全蚀病,疾病名称,玉米病害,病害类型
玉米,名称,细茵性茎腐病,疾病名称,玉米病害,病害类型
玉米,名称,细菌性条纹病,疾病名称,玉米病害,病害类型
玉米,名称,细菌萎蔫病,疾病名称,玉米病害,病害类型
玉米,名称,条纹矮缩病,疾病名称,玉米病害,病害类型
玉米,名称,矮花叶病毒病,疾病名称,玉米病害,病害类型
玉米,名称,粗缩病,疾病名称,玉米病害,病害类型
玉米,名称,遗传性条纹,疾病名称,玉米病害,病害类型
玉米,名称,线虫病,疾病名称,玉米病害,病害类型
玉米,名称,缺素症,疾病名称,玉米病害,病害类型
玉米,名称,空秆,疾病名称,玉米病害,病害类型
玉米,名称,倒伏,疾病名称,玉米病害,病害类型
玉米,名称,白化苗和黄绿苗,疾病名称,玉米病害,病害类型
玉米,名称,低温障碍,疾病名称,玉米病害,病害类型
玉米,名称,叶鞘紫班病,疾病名称,玉米病害,病害类型
玉米,名称,高温干旱,疾病名称,玉米病害,病害类型
玉米,名称,涝害,疾病名称,玉米病害,病害类型
玉米,名称,药害,疾病名称,玉米病害,病害类型
玉米,名称,空气污染,疾病名称,玉米病害,病害类型
玉米,名称,红叶病,疾病名称,玉米病害,病害类型
玉米,名称,秃尖,疾病名称,玉米病害,病害类型
玉米,名称,雌雄花期不协调,疾病名称,玉米病害,病害类型
玉米,名称,变异穗和双色穗,疾病名称,玉米病害,病害类型
玉米,名称,穗发芽,疾病名称,玉米病害,病害类型
玉米,名称,维稿结实,疾病名称,玉米病害,病害类型
玉米,名称,黑束病,疾病名称,玉米病害,病害类型
玉米,名称,叶斑病,疾病名称,玉米病害,病害类型
玉米,名称,盐酸害,疾病名称,玉米病害,病害类型
玉米,名称,玉米铁甲,疾病名称,玉米虫害,病害类型
玉米,名称,欧洲玉米螟,疾病名称,玉米虫害,病害类型
玉米,名称,玉米田棉铃虫,疾病名称,玉米虫害,病害类型
玉米,名称,玉米蛀茎夜娥,疾病名称,玉米虫害,病害类型
玉米,名称,玉米黄呆蓟马,疾病名称,玉米虫害,病害类型
玉米,名称,玉米田禾蓟马和稻简管蓟马,疾病名称,玉米虫害,病害类型
玉米,名称,玉米叶夜娥,疾病名称,玉米虫害,病害类型
玉米,名称,玉米蚜,疾病名称,玉米虫害,病害类型
玉米,名称,玉米异跗萤叶甲,疾病名称,玉米虫害,病害类型
玉米,名称,亚洲玉米螟,疾病名称,玉米虫害,病害类型
杂粮,名称,苗枯病,疾病名称,高粱病害,病害类型
杂粮,名称,大斑病,疾病名称,高粱病害,病害类型
杂粮,名称,斑点病,疾病名称,高粱病害,病害类型
杂粮,名称,高梁豹纹病,疾病名称,高粱病害,病害类型
杂粮,名称,紫斑病,疾病名称,高粱病害,病害类型
杂粮,名称,炭疽病,疾病名称,高粱病害,病害类型
杂粮,名称,高粱炭疽病,疾病名称,高粱病害,病害类型
杂粮,名称,煤纹病,疾病名称,高粱病害,病害类型
杂粮,名称,紫轮病,疾病名称,高粱病害,病害类型
杂粮,名称,黑束病,疾病名称,高粱病害,病害类型
杂粮,名称,叶点病,疾病名称,高粱病害,病害类型
杂粮,名称,锈病,疾病名称,高粱病害,病害类型
杂粮,名称,立枯病,疾病名称,高粱病害,病害类型
杂粮,名称,纹枯病,疾病名称,高粱病害,病害类型
杂粮,名称,链格孢叶斑病,疾病名称,高粱病害,病害类型
杂粮,名称,球腔菌叶斑病,疾病名称,高粱病害,病害类型
杂粮,名称,炭腐病,疾病名称,高粱病害,病害类型
杂粮,名称,柱黑穗病,疾病名称,高粱病害,病害类型
杂粮,名称,黑葱花霉根腐病,疾病名称,高粱病害,病害类型
杂粮,名称,镶刀菌穗腐病,疾病名称,高粱病害,病害类型
杂粮,名称,弯孢霉穗腐病,疾病名称,高粱病害,病害类型
杂粮,名称,顶腐病,疾病名称,高粱病害,病害类型
杂粮,名称,霜霉病,疾病名称,高粱病害,病害类型
杂粮,名称,细菌性条纹病,疾病名称,高粱病害,病害类型
杂粮,名称,细菌性红条病,疾病名称,高粱病害,病害类型
杂粮,名称,细菌性斑点病,疾病名称,高粱病害,病害类型
杂粮,名称,矮花叶病,疾病名称,高粱病害,病害类型
杂粮,名称,花叶病,疾病名称,高粱病害,病害类型
杂粮,名称,低温冷害,疾病名称,高粱病害,病害类型
杂粮,名称,缺素症,疾病名称,高粱病害,病害类型
杂粮,名称,药害,疾病名称,高粱病害,病害类型
杂粮,名称,病害,疾病名称,高粱病害,病害类型
杂粮,名称,干旱,疾病名称,高粱病害,病害类型
杂粮,名称,散黑穗病,疾病名称,高粱病害,病害类型
杂粮,名称,坚黑粉病,疾病名称,高粱病害,病害类型
杂粮,名称,长粒黑稿病,疾病名称,高粱病害,病害类型
杂粮,名称,花黑粉病,疾病名称,高粱病害,病害类型
杂粮,名称,育霉颖枯病,疾病名称,高粱病害,病害类型
杂粮,名称,丝黑穗病,疾病名称,高粱害虫,病害类型
杂粮,名称,朱砂叶螨,疾病名称,高粱害虫,病害类型
杂粮,名称,谷子负泥甲,疾病名称,高粱害虫,病害类型
杂粮,名称,粟凹胫跳甲,疾病名称,高粱害虫,病害类型
杂粮,名称,高粱蚜,疾病名称,高粱害虫,病害类型
杂粮,名称,黄星蝗,疾病名称,高粱害虫,病害类型
杂粮,名称,高梁穗隐斑螟,疾病名称,高粱害虫,病害类型
杂粮,名称,散居型飞蝗,疾病名称,高粱害虫,病害类型
杂粮,名称,草地螟,疾病名称,高粱害虫,病害类型
杂粮,名称,桃蛀螟,疾病名称,高粱害虫,病害类型
杂粮,名称,东亚飞蝗,疾病名称,高粱害虫,病害类型
杂粮,名称,杂粮田粘虫,疾病名称,高粱害虫,病害类型
杂粮,名称,白脉粘虫,疾病名称,高粱害虫,病害类型
杂粮,名称,粟纵卷叶螟,疾病名称,高粱害虫,病害类型
杂粮,名称,隐纹谷弄蝶,疾病名称,高粱害虫,病害类型
杂粮,名称,条螟,疾病名称,高粱害虫,病害类型
杂粮,名称,高粱舟娥,疾病名称,高粱害虫,病害类型
杂粮,名称,红绿灯峨,疾病名称,高粱害虫,病害类型
杂粮,名称,稀点昌灯峨,疾病名称,高粱害虫,病害类型
杂粮,名称,白昌灯峨,疾病名称,高粱害虫,病害类型
杂粮,名称,麦蛾,疾病名称,高粱害虫,病害类型
杂粮,名称,榆四脉绵蚜,疾病名称,高粱害虫,病害类型
杂粮,名称,柳蓝叶甲,疾病名称,高粱害虫,病害类型
杂粮,名称,黑额光叶甲,疾病名称,高粱害虫,病害类型
杂粮,名称,黄斑长跗萤叶甲,疾病名称,高粱害虫,病害类型
杂粮,名称,灰飞虱,疾病名称,高粱害虫,病害类型
杂粮,名称,东方行军蚁,疾病名称,高粱害虫,病害类型
杂粮,名称,谷鳞斑叶甲,疾病名称,高粱害虫,病害类型
杂粮,名称,黄尾球跳甲,疾病名称,高粱害虫,病害类型
杂粮,名称,高粱芒蝇,疾病名称,高粱害虫,病害类型
杂粮,名称,弯刺黑蝽,疾病名称,高粱害虫,病害类型
杂粮,名称,高梁长蝽象,疾病名称,高粱害虫,病害类型
杂粮,名称,粟缘蝽,疾病名称,高粱害虫,病害类型
杂粮,名称,赤须盲蝽,疾病名称,高粱害虫,病害类型
杂粮,名称,大青叶蝉,疾病名称,高粱害虫,病害类型
杂粮,名称,台湾黄霉娥,疾病名称,高粱害虫,病害类型
杂粮,名称,条沙叶蝉,疾病名称,高粱害虫,病害类型
杂粮,名称,短额负蝗,疾病名称,高粱害虫,病害类型
杂粮,名称,高粱瘿蚊,疾病名称,高粱害虫,病害类型
杂粮,名称,粟秆蝇,疾病名称,高粱害虫,病害类型
杂粮,名称,糜子吸浆虫,疾病名称,高粱害虫,病害类型
杂粮,名称,黍、稷病害,疾病名称,黍稷病害,病害类型
杂粮,名称,黍红叶病,疾病名称,黍稷病害,病害类型
杂粮,名称,立枯病,疾病名称,黍稷病害,病害类型
杂粮,名称,根腐病,疾病名称,黍稷病害,病害类型
杂粮,名称,丝黑穗病,疾病名称,黍稷病害,病害类型
杂粮,名称,灰斑病,疾病名称,黍稷病害,病害类型
杂粮,名称,霉点病,疾病名称,黍稷病害,病害类型
杂粮,名称,纹枯病,疾病名称,黍稷病害,病害类型
杂粮,名称,粟灰螟,疾病名称,黍稷害虫,病害类型
杂粮,名称,粟麦蛾,疾病名称,黍稷害虫,病害类型
杂粮,名称,二斑叶螨,疾病名称,黍稷害虫,病害类型
杂粮,名称,截形叶螨,疾病名称,黍稷害虫,病害类型
杂粮,名称,亮蓟马,疾病名称,黍稷害虫,病害类型
杂粮,名称,双班长朋萤叶甲,疾病名称,黍稷害虫,病害类型
杂粮,名称,白星花金龟,疾病名称,黍稷害虫,病害类型
杂粮,名称,大粟鳃金龟,疾病名称,黍稷害虫,病害类型
豆类,名称,立枯病,疾病名称,蚕豆病害,病害类型
豆类,名称,赤斑病,疾病名称,蚕豆病害,病害类型
豆类,名称,褐斑病,疾病名称,蚕豆病害,病害类型
豆类,名称,轮纹病,疾病名称,蚕豆病害,病害类型
豆类,名称,白粉病,疾病名称,蚕豆病害,病害类型
豆类,名称,锈病,疾病名称,蚕豆病害,病害类型
豆类,名称,疫病,疾病名称,蚕豆病害,病害类型
豆类,名称,根腐病和茎基腐病,疾病名称,蚕豆病害,病害类型
豆类,名称,核盘菌茎腐病,疾病名称,蚕豆病害,病害类型
豆类,名称,镰刀菌萎蔫病,疾病名称,蚕豆病害,病害类型
豆类,名称,茎疫病,疾病名称,蚕豆病害,病害类型
豆类,名称,(BBSV)染色病毒病,疾病名称,蚕豆病害,病害类型
豆类,名称,(BBWV)萎蔫病毒病,疾病名称,蚕豆病害,病害类型
豆类,名称,(BYMV)花叶病,疾病名称,蚕豆病害,病害类型
豆类,名称,油壶菌火肿病,疾病名称,蚕豆病害,病害类型
豆类,名称,基腐病,疾病名称,豌豆病害,病害类型
豆类,名称,黑斑病,疾病名称,豌豆病害,病害类型
豆类,名称,褐斑病,疾病名称,豌豆病害,病害类型
豆类,名称,锈病,疾病名称,豌豆病害,病害类型
豆类,名称,霜霉病,疾病名称,豌豆病害,病害类型
豆类,名称,枯萎病,疾病名称,豌豆病害,病害类型
豆类,名称,根腐瞒,疾病名称,豌豆病害,病害类型
豆类,名称,苗核病,疾病名称,豌豆病害,病害类型
豆类,名称,芽枯病,疾病名称,豌豆病害,病害类型
豆类,名称,白粉病,疾病名称,豌豆病害,病害类型
豆类,名称,灰露病,疾病名称,豌豆病害,病害类型
豆类,名称,细菌性叶斑病,疾病名称,豌豆病害,病害类型
豆类,名称,花叶病,疾病名称,豌豆病害,病害类型
豆类,名称,黄顶病,疾病名称,豌豆病害,病害类型
豆类,名称,(BBWV)病毒病,疾病名称,豌豆病害,病害类型
豆类,名称,炭疽病,疾病名称,豌豆病害,病害类型
豆类,名称,立枯病,疾病名称,绿豆病害,病害类型
豆类,名称,叶斑病,疾病名称,绿豆病害,病害类型
豆类,名称,轮纹病,疾病名称,绿豆病害,病害类型
豆类,名称,白粉病,疾病名称,绿豆病害,病害类型
豆类,名称,细菌性痰病,疾病名称,绿豆病害,病害类型
豆类,名称,锈病,疾病名称,绿豆病害,病害类型
豆类,名称,菌核病,疾病名称,绿豆病害,病害类型
豆类,名称,炭疽病,疾病名称,绿豆病害,病害类型
豆类,名称,病毒病,疾病名称,绿豆病害,病害类型
豆类,名称,截形叶蜗和朱砂叶瞒,疾病名称,豆类害虫,病害类型
豆类,名称,豆蚜,疾病名称,豆类害虫,病害类型
豆类,名称,豌豆彩潜蝇,疾病名称,豆类害虫,病害类型
豆类,名称,美洲斑潜蝇,疾病名称,豆类害虫,病害类型
豆类,名称,南美斑潜蝇（拉美斑潜蝇）,疾病名称,豆类害虫,病害类型
豆类,名称,豆荚斑螟,疾病名称,豆类害虫,病害类型
豆类,名称,豆小卷叶蛾,疾病名称,豆类害虫,病害类型
豆类,名称,二条叶甲,疾病名称,豆类害虫,病害类型
豆类,名称,二星蝽,疾病名称,豆类害虫,病害类型
豆类,名称,毛胫夜娥,疾病名称,豆类害虫,病害类型
豆类,名称,烟青虫,疾病名称,豆类害虫,病害类型
薯类,名称,立枯丝核菌病,疾病名称,马铃薯病害,病害类型
薯类,名称,尾孢菌叶斑病,疾病名称,马铃薯病害,病害类型
薯类,名称,早疫病,疾病名称,马铃薯病害,病害类型
薯类,名称,晚疫病,疾病名称,马铃薯病害,病害类型
薯类,名称,早死病,疾病名称,马铃薯病害,病害类型
薯类,名称,枯萎病,疾病名称,马铃薯病害,病害类型
薯类,名称,疮痂病,疾病名称,马铃薯病害,病害类型
薯类,名称,粉痴病,疾病名称,马铃薯病害,病害类型
薯类,名称,马铃自癌肿病,疾病名称,马铃薯病害,病害类型
薯类,名称,青枯病,疾病名称,马铃薯病害,病害类型
薯类,名称,软腐病,疾病名称,马铃薯病害,病害类型
薯类,名称,环腐病,疾病名称,马铃薯病害,病害类型
薯类,名称,病毒病,疾病名称,马铃薯病害,病害类型
薯类,名称,小叶病,疾病名称,马铃薯病害,病害类型
薯类,名称,金线虫病,疾病名称,马铃薯病害,病害类型
薯类,名称,茎线虫病,疾病名称,马铃薯病害,病害类型
薯类,名称,干腐病,疾病名称,马铃薯病害,病害类型
薯类,名称,红周刺座霉干腐病,疾病名称,马铃薯病害,病害类型
薯类,名称,根腐线虫病,疾病名称,马铃薯病害,病害类型
薯类,名称,灰霉病,疾病名称,马铃薯病害,病害类型
薯类,名称,黑胫病,疾病名称,马铃薯病害,病害类型
薯类,名称,白绢病,疾病名称,马铃薯病害,病害类型
薯类,名称,缺素症,疾病名称,马铃薯病害,病害类型
薯类,名称,炭疽病,疾病名称,马铃薯病害,病害类型
薯类,名称,菟丝子为害,疾病名称,马铃薯病害,病害类型
薯类,名称,马铃薯块茎蛾,疾病名称,马铃薯虫害,病害类型
薯类,名称,茄二十八星瓢虫,疾病名称,马铃薯虫害,病害类型
薯类,名称,马铃薯甲虫,疾病名称,马铃薯虫害,病害类型
薯类,名称,茄无网蚜,疾病名称,马铃薯虫害,病害类型
薯类,名称,马铃薯二十八星瓢虫,疾病名称,马铃薯虫害,病害类型
薯类,名称,温室白粉虱,疾病名称,马铃薯虫害,病害类型
薯类,名称,紫纹羽病,疾病名称,甘薯病害,病害类型
薯类,名称,根腐病,疾病名称,甘薯病害,病害类型
薯类,名称,疮痂病,疾病名称,甘薯病害,病害类型
薯类,名称,病毒病,疾病名称,甘薯病害,病害类型
薯类,名称,丛枝病,疾病名称,甘薯病害,病害类型
薯类,名称,缺索症,疾病名称,甘薯病害,病害类型
薯类,名称,时斑病,疾病名称,甘薯病害,病害类型
薯类,名称,黑疤病,疾病名称,甘薯病害,病害类型
薯类,名称,黑痣病,疾病名称,甘薯病害,病害类型
薯类,名称,软腐病,疾病名称,甘薯病害,病害类型
薯类,名称,冻害,疾病名称,甘薯病害,病害类型
薯类,名称,枯萎病,疾病名称,甘薯病害,病害类型
薯类,名称,茎线虫病,疾病名称,甘薯病害,病害类型
薯类,名称,麦蛾,疾病名称,甘薯虫害,病害类型
薯类,名称,蚁象甲,疾病名称,甘薯虫害,病害类型
薯类,名称,小龟甲,疾病名称,甘薯虫害,病害类型
薯类,名称,茎螟,疾病名称,甘薯虫害,病害类型
薯类,名称,灰褐羽蛾,疾病名称,甘薯虫害,病害类型
薯类,名称,跳盲蝽,疾病名称,甘薯虫害,病害类型
薯类,名称,天蛾,疾病名称,甘薯虫害,病害类型
薯类,名称,白羽蛾,疾病名称,甘薯虫害,病害类型
薯类,名称,绮夜娥,疾病名称,甘薯虫害,病害类型
薯类,名称,肖叶甲,疾病名称,甘薯虫害,病害类型
薯类,名称,蜡龟甲指名亚种,疾病名称,甘薯虫害,病害类型
薯类,名称,全翅羽蛾,疾病名称,甘薯虫害,病害类型
薯类,名称,田斜纹夜峨,疾病名称,甘薯虫害,病害类型
薯类,名称,炭疽病,疾病名称,木薯病害,病害类型
薯类,名称,细菌性枯萎病,疾病名称,木薯病害,病害类型
薯类,名称,花叶病,疾病名称,木薯病害,病害类型
薯类,名称,薯类作物病害,疾病名称,木薯病害,病害类型
棉麻,名称,棉苗立枯病,疾病名称,棉花病害,病害类型
棉麻,名称,角斑病,疾病名称,棉花病害,病害类型
棉麻,名称,棉苗炭疽病,疾病名称,棉花病害,病害类型
棉麻,名称,棉苗红腐病,疾病名称,棉花病害,病害类型
棉麻,名称,枯萎病,疾病名称,棉花病害,病害类型
棉麻,名称,棉花黄萎病,疾病名称,棉花病害,病害类型
棉麻,名称,药用植物棉花黄萎病,疾病名称,棉花病害,病害类型
棉麻,名称,棉铃曲霉病,疾病名称,棉花病害,病害类型
棉麻,名称,白霉病,疾病名称,棉花病害,病害类型
棉麻,名称,褐斑病,疾病名称,棉花病害,病害类型
棉麻,名称,叶烧病,疾病名称,棉花病害,病害类型
棉麻,名称,轮纹病,疾病名称,棉花病害,病害类型
棉麻,名称,茎枯病,疾病名称,棉花病害,病害类型
棉麻,名称,棉铃灰霉病,疾病名称,棉花病害,病害类型
棉麻,名称,棉花药害,疾病名称,棉花病害,病害类型
棉麻,名称,缺素症,疾病名称,棉花病害,病害类型
棉麻,名称,红（黄）叶枯病,疾病名称,棉花病害,病害类型
棉麻,名称,红粉病,疾病名称,棉花病害,病害类型
棉麻,名称,根结线虫病,疾病名称,棉花病害,病害类型
棉麻,名称,铃软腐病,疾病名称,棉花病害,病害类型
棉麻,名称,棉铃红腐病,疾病名称,棉花病害,病害类型
棉麻,名称,刺线虫病,疾病名称,棉花病害,病害类型
棉麻,名称,棉铃黑果病,疾病名称,棉花病害,病害类型
棉麻,名称,花叶病毒病,疾病名称,棉花病害,病害类型
棉麻,名称,棉铃疫病,疾病名称,棉花病害,病害类型
棉麻,名称,琉璃弧丽金龟,疾病名称,棉花虫害,病害类型
棉麻,名称,棉田地老虎,疾病名称,棉花虫害,病害类型
棉麻,名称,棉田亚洲玉米螟,疾病名称,棉花虫害,病害类型
棉麻,名称,棉田甜菜夜娥,疾病名称,棉花虫害,病害类型
棉麻,名称,大造桥虫,疾病名称,棉花虫害,病害类型
棉麻,名称,棉叶蝉,疾病名称,棉花虫害,病害类型
棉麻,名称,棉蚜,疾病名称,棉花虫害,病害类型
棉麻,名称,截形叶螨,疾病名称,棉花虫害,病害类型
棉麻,名称,绿盲蝽,疾病名称,棉花虫害,病害类型
棉麻,名称,棉田斜纹夜蛾,疾病名称,棉花虫害,病害类型
棉麻,名称,棉小卵象,疾病名称,棉花虫害,病害类型
棉麻,名称,棉蝗,疾病名称,棉花虫害,病害类型
棉麻,名称,烟粉虱,疾病名称,棉花虫害,病害类型
棉麻,名称,土耳其斯坦叶螨,疾病名称,棉花虫害,病害类型
棉麻,名称,同型巴蜗牛,疾病名称,棉花虫害,病害类型
棉麻,名称,棉田柳毒蛾,疾病名称,棉花虫害,病害类型
棉麻,名称,粉绞夜娥,疾病名称,棉花虫害,病害类型
棉麻,名称,棉大卷叶螟,疾病名称,棉花虫害,病害类型
棉麻,名称,小绿叶蝉,疾病名称,棉花虫害,病害类型
棉麻,名称,棉黑蚜,疾病名称,棉花虫害,病害类型
棉麻,名称,棉田花蓟马,疾病名称,棉花虫害,病害类型
棉麻,名称,三点盲蝽,疾病名称,棉花虫害,病害类型
棉麻,名称,棉田银纹夜蛾,疾病名称,棉花虫害,病害类型
棉麻,名称,蒙古灰象甲,疾病名称,棉花虫害,病害类型
棉麻,名称,弧丽金龟,疾病名称,棉花虫害,病害类型
棉麻,名称,大蓑娥,疾病名称,棉花虫害,病害类型
棉麻,名称,朱砂叶螨,疾病名称,棉花虫害,病害类型
棉麻,名称,棉铃虫,疾病名称,棉花虫害,病害类型
棉麻,名称,鼎点金刚钻,疾病名称,棉花虫害,病害类型
棉麻,名称,焦条丽夜峨,疾病名称,棉花虫害,病害类型
棉麻,名称,棉双斜卷娥,疾病名称,棉花虫害,病害类型
棉麻,名称,棉二点红蝽,疾病名称,棉花虫害,病害类型
棉麻,名称,棉根蚜,疾病名称,棉花虫害,病害类型
棉麻,名称,棉田烟蓟马,疾病名称,棉花虫害,病害类型
棉麻,名称,中黑盲蝽,疾病名称,棉花虫害,病害类型
棉麻,名称,二斑叶螨,疾病名称,棉花虫害,病害类型
棉麻,名称,棉田大灰象甲,疾病名称,棉花虫害,病害类型
棉麻,名称,苜蓿盲蝽,疾病名称,棉花虫害,病害类型
棉麻,名称,赤须盲蝽,疾病名称,棉花虫害,病害类型
棉麻,名称,棉红铃虫,疾病名称,棉花虫害,病害类型
棉麻,名称,翠纹金刚钻,疾病名称,棉花虫害,病害类型
棉麻,名称,棉小造桥虫,疾病名称,棉花虫害,病害类型
棉麻,名称,棉褐带卷娥,疾病名称,棉花虫害,病害类型
棉麻,名称,大青叶蝉,疾病名称,棉花虫害,病害类型
棉麻,名称,神泽氏叶螨,疾病名称,棉花虫害,病害类型
棉麻,名称,棉田黄蓟马,疾病名称,棉花虫害,病害类型
棉麻,名称,牧草盲蝽,疾病名称,棉花虫害,病害类型
棉麻,名称,棉尖象,疾病名称,棉花虫害,病害类型
棉麻,名称,中华弧丽金龟,疾病名称,棉花虫害,病害类型
棉麻,名称,棉田美洲班潜蝇,疾病名称,棉花虫害,病害类型
棉麻,名称,黄麻炭疽病,疾病名称,麻类病害,病害类型
棉麻,名称,黄麻黑点炭疽病,疾病名称,麻类病害,病害类型
棉麻,名称,黄麻褐斑病,疾病名称,麻类病害,病害类型
棉麻,名称,黄麻枯腐病,疾病名称,麻类病害,病害类型
棉麻,名称,黄麻根结线虫病,疾病名称,麻类病害,病害类型
棉麻,名称,亚麻、胡麻菌核病,疾病名称,麻类病害,病害类型
棉麻,名称,亚麻、胡麻枯萎病,疾病名称,麻类病害,病害类型
棉麻,名称,药用植物亚麻枯萎病,疾病名称,麻类病害,病害类型
棉麻,名称,亚麻、胡麻假黑斑病,疾病名称,麻类病害,病害类型
棉麻,名称,亚麻、胡麻斑点病,疾病名称,麻类病害,病害类型
棉麻,名称,亚麻、胡麻炭疽病,疾病名称,麻类病害,病害类型
棉麻,名称,亚麻、胡麻白粉病,疾病名称,麻类病害,病害类型
棉麻,名称,亚麻、胡麻锈病,疾病名称,麻类病害,病害类型
棉麻,名称,亚麻、胡麻立枯病,疾病名称,麻类病害,病害类型
棉麻,名称,蓖麻斑点病,疾病名称,麻类病害,病害类型
棉麻,名称,蓖麻黑斑病,疾病名称,麻类病害,病害类型
棉麻,名称,大麻白斑病,疾病名称,麻类病害,病害类型
棉麻,名称,大麻霜霉病,疾病名称,麻类病害,病害类型
棉麻,名称,大麻秆腐病,疾病名称,麻类病害,病害类型
棉麻,名称,大麻白星病,疾病名称,麻类病害,病害类型
棉麻,名称,大麻霉斑病,疾病名称,麻类病害,病害类型
棉麻,名称,红麻根结线虫病,疾病名称,麻类病害,病害类型
棉麻,名称,红麻叶霉病,疾病名称,麻类病害,病害类型
棉麻,名称,红麻炭疽病,疾病名称,麻类病害,病害类型
棉麻,名称,苘麻(青麻)胴枯病,疾病名称,麻类病害,病害类型
棉麻,名称,苎麻褐斑病,疾病名称,麻类病害,病害类型
棉麻,名称,苎麻花叶病,疾病名称,麻类病害,病害类型
棉麻,名称,苎麻灰疽病,疾病名称,麻类病害,病害类型
棉麻,名称,苎麻角斑病,疾病名称,麻类病害,病害类型
棉麻,名称,麻类苘麻病害,疾病名称,麻类病害,病害类型
棉麻,名称,亚麻夜蛾,疾病名称,麻类虫害,病害类型
棉麻,名称,麻田绿盲蝽,疾病名称,麻类虫害,病害类型
棉麻,名称,大麻跳甲,疾病名称,麻类虫害,病害类型
棉麻,名称,麻田亚洲玉米螟,疾病名称,麻类虫害,病害类型
棉麻,名称,麻天牛,疾病名称,麻类虫害,病害类型
棉麻,名称,麻田叶螨,疾病名称,麻类虫害,病害类型
棉麻,名称,麻田棉叶蝉,疾病名称,麻类虫害,病害类型
棉麻,名称,棉花棉茎木囊蛾,疾病名称,麻类虫害,病害类型
棉麻,名称,大麻小食心虫,疾病名称,麻类虫害,病害类型
棉麻,名称,麻秆野螟,疾病名称,麻类虫害,病害类型
棉麻,名称,苎麻天牛,疾病名称,麻类虫害,病害类型
棉麻,名称,苎麻夜蛾,疾病名称,麻类虫害,病害类型
棉麻,名称,麻田豆秆野螟,疾病名称,麻类虫害,病害类型
棉麻,名称,麻田酒花秆野螟,疾病名称,麻类虫害,病害类型
棉麻,名称,苎麻赤蛱蝶,疾病名称,麻类虫害,病害类型
棉麻,名称,黄麻夜蛾,疾病名称,麻类虫害,病害类型
棉麻,名称,苎麻黄蛱蝶,疾病名称,麻类虫害,病害类型
棉麻,名称,麻田棉小造桥虫,疾病名称,麻类虫害,病害类型
棉麻,名称,麻田蚜虫,疾病名称,麻类虫害,病害类型
棉麻,名称,麻田金龟子,疾病名称,麻类虫害,病害类型
棉麻,名称,蓖麻四星尺蛾,疾病名称,麻类虫害,病害类型
棉麻,名称,麻灰巴蜗牛,疾病名称,麻类虫害,病害类型
棉麻,名称,麻小红蛱蝶,疾病名称,麻类虫害,病害类型
棉麻,名称,麻田苜蓿夜蛾,疾病名称,麻类虫害,病害类型
棉麻,名称,麻田黄刺蛾,疾病名称,麻类虫害,病害类型
棉麻,名称,大麻花蚤,疾病名称,麻类虫害,病害类型
棉麻,名称,蓖麻田美洲斑潜蝇,疾病名称,麻类虫害,病害类型
棉麻,名称,蓖麻夜蛾,疾病名称,麻类虫害,病害类型
棉麻,名称,麻田扁刺蛾,疾病名称,麻类虫害,病害类型
油料,名称,花生病害,疾病名称,花生病害,病害类型
油料,名称,芽枯病毒病,疾病名称,花生病害,病害类型
油料,名称,立枯病和纹枯病,疾病名称,花生病害,病害类型
油料,名称,花生烂种,疾病名称,花生病害,病害类型
油料,名称,网斑病,疾病名称,花生病害,病害类型
油料,名称,锈病,疾病名称,花生病害,病害类型
油料,名称,疮痂病,疾病名称,花生病害,病害类型
油料,名称,青枯病,疾病名称,花生病害,病害类型
油料,名称,条纹病毒病,疾病名称,花生病害,病害类型
油料,名称,黄花叶病,疾病名称,花生病害,病害类型
油料,名称,普通花叶病,疾病名称,花生病害,病害类型
油料,名称,斑驳病毒病,疾病名称,花生病害,病害类型
油料,名称,叶斑病,疾病名称,花生病害,病害类型
油料,名称,根结线虫病,疾病名称,花生病害,病害类型
油料,名称,冠腐病,疾病名称,花生病害,病害类型
油料,名称,炭疽病,疾病名称,花生病害,病害类型
油料,名称,根腐病,疾病名称,花生病害,病害类型
油料,名称,根颈腐病,疾病名称,花生病害,病害类型
油料,名称,黄化病,疾病名称,花生病害,病害类型
油料,名称,缺素症,疾病名称,花生病害,病害类型
油料,名称,焦斑病,疾病名称,花生病害,病害类型
油料,名称,白绢病,疾病名称,花生病害,病害类型
油料,名称,丛枝病,疾病名称,花生病害,病害类型
油料,名称,褐斑病,疾病名称,花生病害,病害类型
油料,名称,田茶黄硬蓟马,疾病名称,花生虫害,病害类型
油料,名称,田端大蓟马,疾病名称,花生虫害,病害类型
油料,名称,田叶螨,疾病名称,花生虫害,病害类型
油料,名称,蚀叶野螟,疾病名称,花生虫害,病害类型
油料,名称,田假眼小绿叶蝉和小绿叶蝉,疾病名称,花生虫害,病害类型
油料,名称,田灰地种蝇,疾病名称,花生虫害,病害类型
油料,名称,田棉铃虫,疾病名称,花生虫害,病害类型
油料,名称,蚜,疾病名称,花生虫害,病害类型
油料,名称,芝麻立枯病,疾病名称,芝麻病害,病害类型
油料,名称,芝麻叶枯病,疾病名称,芝麻病害,病害类型
油料,名称,芝麻叶斑病,疾病名称,芝麻病害,病害类型
油料,名称,芝麻黑斑病,疾病名称,芝麻病害,病害类型
油料,名称,芝麻轮纹病,疾病名称,芝麻病害,病害类型
油料,名称,芝麻红色根腐病,疾病名称,芝麻病害,病害类型
油料,名称,芝麻枯萎病,疾病名称,芝麻病害,病害类型
油料,名称,大豆炭疽病,疾病名称,芝麻病害,病害类型
油料,名称,芝麻细菌性角斑病,疾病名称,芝麻病害,病害类型
油料,名称,芝麻花叶病,疾病名称,芝麻病害,病害类型
油料,名称,芝麻疫病,疾病名称,芝麻病害,病害类型
油料,名称,芝麻黄花叶病,疾病名称,芝麻病害,病害类型
油料,名称,芝麻白粉病,疾病名称,芝麻病害,病害类型
油料,名称,芝麻变叶病,疾病名称,芝麻病害,病害类型
油料,名称,芝麻褐斑病,疾病名称,芝麻病害,病害类型
油料,名称,芝麻茎点枯病,疾病名称,芝麻病害,病害类型
油料,名称,芝麻青枯病,疾病名称,芝麻病害,病害类型
油料,名称,芝麻短额负蝗,疾病名称,芝麻虫害,病害类型
油料,名称,芝麻鬼脸天蛾,疾病名称,花生病害,病害类型
油料,名称,芝麻田棉铃虫,疾病名称,花生病害,病害类型
油料,名称,芝麻田甜菜夜蛾,疾病名称,花生病害,病害类型
油料,名称,芝麻田蚜虫,疾病名称,花生病害,病害类型
油料,名称,芝麻荚野螟,疾病名称,花生病害,病害类型
油料,名称,芝麻天蛾,疾病名称,花生病害,病害类型
油料,名称,芝麻田烟盲蝽,疾病名称,花生病害,病害类型
油料,名称,高温障碍,疾病名称,油菜病害,病害类型
油料,名称,萎缩不实症,疾病名称,油菜病害,病害类型
油料,名称,冻害,疾病名称,油菜病害,病害类型
油料,名称,菟丝子为害,疾病名称,油菜病害,病害类型
油料,名称,黑腐病,疾病名称,油菜病害,病害类型
油料,名称,软腐病,疾病名称,油菜病害,病害类型
油料,名称,苗期根腐病,疾病名称,油菜病害,病害类型
油料,名称,(瓜果腐霉)猝倒病,疾病名称,油菜病害,病害类型
油料,名称,立枯病,疾病名称,油菜病害,病害类型
油料,名称,霜霉病,疾病名称,油菜病害,病害类型
油料,名称,白锈病,疾病名称,油菜病害,病害类型
油料,名称,缺素症,疾病名称,油菜病害,病害类型
油料,名称,菌核病,疾病名称,油菜病害,病害类型
油料,名称,根肿病,疾病名称,油菜病害,病害类型
油料,名称,炭疽病,疾病名称,油菜病害,病害类型
油料,名称,细菌性黑斑病,疾病名称,油菜病害,病害类型
油料,名称,肥害,疾病名称,油菜病害,病害类型
油料,名称,黑斑病,疾病名称,油菜病害,病害类型
油料,名称,病毒病,疾病名称,油菜病害,病害类型
油料,名称,白粉病,疾病名称,油菜病害,病害类型
油料,名称,白斑病,疾病名称,油菜病害,病害类型
油料,名称,大猿叶虫,疾病名称,油菜虫害,病害类型
油料,名称,黄狭条跳甲,疾病名称,油菜虫害,病害类型
油料,名称,菜粉蝶,疾病名称,油菜虫害,病害类型
油料,名称,东方粉蝶,疾病名称,油菜虫害,病害类型
油料,名称,云斑粉蝶,疾病名称,油菜虫害,病害类型
油料,名称,黑龙江简喙象,疾病名称,油菜虫害,病害类型
油料,名称,黑纹粉蝶,疾病名称,油菜虫害,病害类型
油料,名称,田蚜虫,疾病名称,油菜虫害,病害类型
油料,名称,菜蝽和云南菜蝽,疾病名称,油菜虫害,病害类型
油料,名称,横纹菜蝽,疾病名称,油菜虫害,病害类型
油料,名称,新疆菜蝽,疾病名称,油菜虫害,病害类型
油料,名称,白星花金龟,疾病名称,油菜虫害,病害类型
油料,名称,斜纹夜蛾,疾病名称,油菜虫害,病害类型
油料,名称,银纹夜蛾,疾病名称,油菜虫害,病害类型
油料,名称,甜菜夜蛾,疾病名称,油菜虫害,病害类型
油料,名称,大菜粉蝶,疾病名称,油菜虫害,病害类型
油料,名称,茎象甲,疾病名称,油菜虫害,病害类型
油料,名称,苹毛丽金龟,疾病名称,油菜虫害,病害类型
油料,名称,西瓜虫,疾病名称,油菜虫害,病害类型
油料,名称,黄宽条菜跳甲,疾病名称,油菜虫害,病害类型
油料,名称,小猿叶虫,疾病名称,油菜虫害,病害类型
油料,名称,甘蓝夜蛾,疾病名称,油菜虫害,病害类型
油料,名称,豌豆彩潜蝇,疾病名称,油菜虫害,病害类型
油料,名称,肖藜泉蝇,疾病名称,油菜虫害,病害类型
油料,名称,番茄斑潜蝇,疾病名称,油菜虫害,病害类型
油料,名称,美洲斑潜蝇,疾病名称,油菜虫害,病害类型
油料,名称,菜斑潜蝇,疾病名称,油菜虫害,病害类型
油料,名称,种蝇,疾病名称,油菜虫害,病害类型
油料,名称,萝卜地种蝇,疾病名称,油菜虫害,病害类型
油料,名称,蚤跳甲,疾病名称,油菜虫害,病害类型
油料,名称,黄曲条跳甲和土库曼跳甲,疾病名称,油菜虫害,病害类型
油料,名称,黑缝油菜叶甲,疾病名称,油菜虫害,病害类型
油料,名称,东方油菜叶甲,疾病名称,油菜虫害,病害类型
油料,名称,丽色油菜叶甲,疾病名称,油菜虫害,病害类型
油料,名称,露尾甲,疾病名称,油菜虫害,病害类型
油料,名称,菜叶蜂,疾病名称,油菜虫害,病害类型
油料,名称,菜娥,疾病名称,油菜虫害,病害类型
油料,名称,菜螟,疾病名称,油菜虫害,病害类型
油料,名称,大菜螟,疾病名称,油菜虫害,病害类型
油料,名称,巴楚菜蝽,疾病名称,油菜虫害,病害类型
油料,名称,八点灰灯蛾,疾病名称,油菜虫害,病害类型
油料,名称,菌核病,疾病名称,向日葵病害,病害类型
油料,名称,褐斑病,疾病名称,向日葵病害,病害类型
油料,名称,黑斑病,疾病名称,向日葵病害,病害类型
油料,名称,锈病,疾病名称,向日葵病害,病害类型
油料,名称,灰霉病,疾病名称,向日葵病害,病害类型
油料,名称,细菌性叶斑病,疾病名称,向日葵病害,病害类型
油料,名称,细菌性茎腐病,疾病名称,向日葵病害,病害类型
油料,名称,白粉病,疾病名称,向日葵病害,病害类型
油料,名称,黄萎病,疾病名称,向日葵病害,病害类型
油料,名称,霜霉病,疾病名称,向日葵病害,病害类型
油料,名称,缺素症,疾病名称,向日葵病害,病害类型
油料,名称,列当,疾病名称,向日葵病害,病害类型
油料,名称,花叶病毒病,疾病名称,向日葵病害,病害类型
油料,名称,向日葵桃蛀螟,疾病名称,向日葵虫害,病害类型
油料,名称,白星花金龟,疾病名称,向日葵虫害,病害类型
油料,名称,斑螟,疾病名称,向日葵虫害,病害类型
油料,名称,猝倒病和立枯病,疾病名称,大豆病害,病害类型
油料,名称,黑痘病,疾病名称,大豆病害,病害类型
油料,名称,茎枯病,疾病名称,大豆病害,病害类型
油料,名称,灰斑病,疾病名称,大豆病害,病害类型
油料,名称,褐斑病,疾病名称,大豆病害,病害类型
油料,名称,霜霉病,疾病名称,大豆病害,病害类型
油料,名称,链格孢黑斑病,疾病名称,大豆病害,病害类型
油料,名称,轮纹病,疾病名称,大豆病害,病害类型
油料,名称,锈病,疾病名称,大豆病害,病害类型
油料,名称,赤霉病,疾病名称,大豆病害,病害类型
油料,名称,紫斑病,疾病名称,大豆病害,病害类型
油料,名称,叶斑病,疾病名称,大豆病害,病害类型
油料,名称,镰刀菌根腐病,疾病名称,大豆病害,病害类型
油料,名称,疫霉根腐病,疾病名称,大豆病害,病害类型
油料,名称,纹枯病,疾病名称,大豆病害,病害类型
油料,名称,茎黑点病,疾病名称,大豆病害,病害类型
油料,名称,菌核病,疾病名称,大豆病害,病害类型
油料,名称,菟丝子为害大豆,疾病名称,大豆病害,病害类型
油料,名称,细菌性斑点病,疾病名称,大豆病害,病害类型
油料,名称,细菌斑疹病,疾病名称,大豆病害,病害类型
油料,名称,花叶病,疾病名称,大豆病害,病害类型
油料,名称,顶枯病,疾病名称,大豆病害,病害类型
油料,名称,胞囊线虫病,疾病名称,大豆病害,病害类型
油料,名称,根结线虫病,疾病名称,大豆病害,病害类型
油料,名称,羞萎病,疾病名称,大豆病害,病害类型
油料,名称,药用植物大豆菌核病,疾病名称,大豆病害,病害类型
油料,名称,耙点病,疾病名称,大豆病害,病害类型
油料,名称,荚枯病,疾病名称,大豆病害,病害类型
油料,名称,枯萎病,疾病名称,大豆病害,病害类型
油料,名称,药害,疾病名称,大豆病害,病害类型
油料,名称,缺素症,疾病名称,大豆病害,病害类型
油料,名称,点蜂缘蝽,疾病名称,大豆虫害,病害类型
油料,名称,条蜂缘蝽,疾病名称,大豆虫害,病害类型
油料,名称,豆秆野螟,疾病名称,大豆虫害,病害类型
油料,名称,豆荚野螟,疾病名称,大豆虫害,病害类型
油料,名称,豇豆荚螟,疾病名称,大豆虫害,病害类型
油料,名称,豆蚀叶野螟,疾病名称,大豆虫害,病害类型
油料,名称,豆叶螨,疾病名称,大豆虫害,病害类型
油料,名称,筛豆龟蝽,疾病名称,大豆虫害,病害类型
油料,名称,双斑萤叶甲,疾病名称,大豆虫害,病害类型
油料,名称,药用植物害虫短额负蝗,疾病名称,大豆虫害,病害类型
油料,名称,豆灰蝶,疾病名称,大豆虫害,病害类型
油料,名称,豆田斜纹夜峨,疾病名称,大豆虫害,病害类型
油料,名称,大豆毒蛾,疾病名称,大豆虫害,病害类型
油料,名称,豆叶东潜蝇,疾病名称,大豆虫害,病害类型
油料,名称,豆秆黑潜蝇,疾病名称,大豆虫害,病害类型
油料,名称,豆根蛇潜蝇,疾病名称,大豆虫害,病害类型
油料,名称,豆二条萤叶甲,疾病名称,大豆虫害,病害类型
油料,名称,大豆蚜,疾病名称,大豆虫害,病害类型
油料,名称,豆突眼长蝽,疾病名称,大豆虫害,病害类型
油料,名称,焰夜蛾,疾病名称,大豆虫害,病害类型
油料,名称,肾坑翅夜蛾,疾病名称,大豆虫害,病害类型
油料,名称,豆天蛾,疾病名称,大豆虫害,病害类型
油料,名称,大豆菜瘿蚊,疾病名称,大豆虫害,病害类型
油料,名称,葡萄长须卷蛾,疾病名称,大豆虫害,病害类型
油料,名称,豆田棉铃虫,疾病名称,大豆虫害,病害类型
油料,名称,豆芫菁,疾病名称,大豆虫害,病害类型
油料,名称,斑背安缘蝽,疾病名称,大豆虫害,病害类型
油料,名称,红背安缘蝽,疾病名称,大豆虫害,病害类型
油料,名称,丝大蓟马,疾病名称,大豆虫害,病害类型
油料,名称,大豆食心虫,疾病名称,大豆虫害,病害类型
油料,名称,银锭夜蛾,疾病名称,大豆虫害,病害类型
油料,名称,黑点银纹夜蛾,疾病名称,大豆虫害,病害类型
油料,名称,人纹污灯蛾,疾病名称,大豆虫害,病害类型
油料,名称,油葫芦,疾病名称,大豆虫害,病害类型
糖烟,名称,病害,疾病名称,甘蔗病害,病害类型
糖烟,名称,黑穗病,疾病名称,甘蔗病害,病害类型
糖烟,名称,梢腐病,疾病名称,甘蔗病害,病害类型
糖烟,名称,凤梨病,疾病名称,甘蔗病害,病害类型
糖烟,名称,虎斑病,疾病名称,甘蔗病害,病害类型
糖烟,名称,赤腐病,疾病名称,甘蔗病害,病害类型
糖烟,名称,霜霉病,疾病名称,甘蔗病害,病害类型
糖烟,名称,眼斑病,疾病名称,甘蔗病害,病害类型
糖烟,名称,叶灼病,疾病名称,甘蔗病害,病害类型
糖烟,名称,台湾蝼蛄,疾病名称,甘蔗病害,病害类型
糖烟,名称,白叶病,疾病名称,甘蔗病害,病害类型
糖烟,名称,缺素病,疾病名称,甘蔗病害,病害类型
糖烟,名称,花叶病,疾病名称,甘蔗病害,病害类型
糖烟,名称,黄斑病,疾病名称,甘蔗病害,病害类型
糖烟,名称,黄锈病,疾病名称,甘蔗病害,病害类型
糖烟,名称,环斑病,疾病名称,甘蔗病害,病害类型
糖烟,名称,叶萎病,疾病名称,甘蔗病害,病害类型
糖烟,名称,黄螟,疾病名称,甘蔗虫害,病害类型
糖烟,名称,蓟马,疾病名称,甘蔗虫害,病害类型
糖烟,名称,蚜,疾病名称,甘蔗虫害,病害类型
糖烟,名称,白螟,疾病名称,甘蔗虫害,病害类型
糖烟,名称,绵蚜,疾病名称,甘蔗虫害,病害类型
糖烟,名称,红粉蚧,疾病名称,甘蔗虫害,病害类型
糖烟,名称,灰粉蚧,疾病名称,甘蔗虫害,病害类型
糖烟,名称,扁角飞虱,疾病名称,甘蔗虫害,病害类型
糖烟,名称,田亚洲玉米螟,疾病名称,甘蔗虫害,病害类型
糖烟,名称,翼翅丽金龟,疾病名称,甘蔗虫害,病害类型
糖烟,名称,长蝽,疾病名称,甘蔗虫害,病害类型
糖烟,名称,二点螟,疾病名称,甘蔗虫害,病害类型
糖烟,名称,栉叩头虫,疾病名称,甘蔗虫害,病害类型
糖烟,名称,黑翅土白蚁,疾病名称,甘蔗虫害,病害类型
糖烟,名称,条螟,疾病名称,甘蔗虫害,病害类型
糖烟,名称,黑色蔗龟,疾病名称,甘蔗虫害,病害类型
糖烟,名称,霜霉病,疾病名称,甜菜病害,病害类型
糖烟,名称,细菌性斑枯病,疾病名称,甜菜病害,病害类型
糖烟,名称,褐斑病,疾病名称,甜菜病害,病害类型
糖烟,名称,(匍柄霉)叶斑病,疾病名称,甜菜病害,病害类型
糖烟,名称,根腐病,疾病名称,甜菜病害,病害类型
糖烟,名称,苗腐病,疾病名称,甜菜病害,病害类型
糖烟,名称,丛根病,疾病名称,甜菜病害,病害类型
糖烟,名称,白粉病,疾病名称,甜菜病害,病害类型
糖烟,名称,立枯病,疾病名称,甜菜病害,病害类型
糖烟,名称,黄化病毒病,疾病名称,甜菜病害,病害类型
糖烟,名称,缺素症,疾病名称,甜菜病害,病害类型
糖烟,名称,跳甲,疾病名称,甜菜虫害,病害类型
糖烟,名称,肖藜泉蝇,疾病名称,甜菜虫害,病害类型
糖烟,名称,黄褐纤毛象,疾病名称,甜菜虫害,病害类型
糖烟,名称,象甲,疾病名称,甜菜虫害,病害类型
糖烟,名称,夜蛾,疾病名称,甜菜虫害,病害类型
糖烟,名称,斑蝇,疾病名称,甜菜虫害,病害类型
糖烟,名称,草地螟,疾病名称,甜菜虫害,病害类型
糖烟,名称,潜叶蝇,疾病名称,甜菜虫害,病害类型
糖烟,名称,藜泉蝇,疾病名称,甜菜虫害,病害类型
糖烟,名称,田黑绒金龟子,疾病名称,甜菜虫害,病害类型
糖烟,名称,蛇眼病,疾病名称,甜菜虫害,病害类型
糖烟,名称,螟,疾病名称,甜菜虫害,病害类型
糖烟,名称,大龟甲,疾病名称,甜菜虫害,病害类型
糖烟,名称,田甘蓝夜娥,疾病名称,甜菜虫害,病害类型
糖烟,名称,黄草地螟,疾病名称,甜菜虫害,病害类型
糖烟,名称,藜夜蛾,疾病名称,甜菜虫害,病害类型
糖烟,名称,野火病,疾病名称,烟草病害,病害类型
糖烟,名称,猝倒病,疾病名称,烟草病害,病害类型
糖烟,名称,立枯病,疾病名称,烟草病害,病害类型
糖烟,名称,黑胫病,疾病名称,烟草病害,病害类型
糖烟,名称,炭疽病,疾病名称,烟草病害,病害类型
糖烟,名称,枯萎病,疾病名称,烟草病害,病害类型
糖烟,名称,霜霉病,疾病名称,烟草病害,病害类型
糖烟,名称,低头黑病,疾病名称,烟草病害,病害类型
糖烟,名称,缺素症,疾病名称,烟草病害,病害类型
糖烟,名称,剑叶病,疾病名称,烟草病害,病害类型
糖烟,名称,细菌角斑病,疾病名称,烟草病害,病害类型
糖烟,名称,丛枝病,疾病名称,烟草病害,病害类型
糖烟,名称,青枯病,疾病名称,烟草病害,病害类型
糖烟,名称,普通花叶病,疾病名称,烟草病害,病害类型
糖烟,名称,黄瓜花叶病,疾病名称,烟草病害,病害类型
糖烟,名称,曲叶病毒病,疾病名称,烟草病害,病害类型
糖烟,名称,破烂叶斑病,疾病名称,烟草病害,病害类型
糖烟,名称,蚀纹病毒病,疾病名称,烟草病害,病害类型
糖烟,名称,环斑病毒病,疾病名称,烟草病害,病害类型
糖烟,名称,根结线虫病,疾病名称,烟草病害,病害类型
糖烟,名称,胞囊线虫病,疾病名称,烟草病害,病害类型
糖烟,名称,赤星病,疾病名称,烟草病害,病害类型
糖烟,名称,根黑腐病,疾病名称,烟草病害,病害类型
糖烟,名称,气候斑病,疾病名称,烟草病害,病害类型
糖烟,名称,马铃薯Y病毒病,疾病名称,烟草病害,病害类型
糖烟,名称,菌核病,疾病名称,烟草病害,病害类型
糖烟,名称,白绢病,疾病名称,烟草病害,病害类型
糖烟,名称,空胫病,疾病名称,烟草病害,病害类型
糖烟,名称,白粉病,疾病名称,烟草病害,病害类型
糖烟,名称,蛙眼病,疾病名称,烟草病害,病害类型
糖烟,名称,黑斑病,疾病名称,烟草病害,病害类型
糖烟,名称,潜叶蛾,疾病名称,烟草虫害,病害类型
糖烟,名称,烟实夜蛾,疾病名称,烟草虫害,病害类型
糖烟,名称,烟田大灰象甲,疾病名称,烟草虫害,病害类型
糖烟,名称,烟蚜,疾病名称,烟草虫害,病害类型
糖烟,名称,烟田斜纹夜蛾,疾病名称,烟草虫害,病害类型
糖烟,名称,烟田野蛞蝓,疾病名称,烟草虫害,病害类型
糖烟,名称,烟蛀茎蛾,疾病名称,烟草虫害,病害类型
糖烟,名称,烟蓟马,疾病名称,烟草虫害,病害类型
糖烟,名称,烟粉虱,疾病名称,烟草虫害,病害类型
糖烟,名称,烟田斑须蝽,疾病名称,烟草虫害,病害类型
糖烟,名称,烟盲蝽,疾病名称,烟草虫害,病害类型
茶桑,名称,茶树病害,疾病名称,茶树病害,病害类型
茶桑,名称,茶赤叶斑病,疾病名称,茶树病害,病害类型
茶桑,名称,茶红锈藻病,疾病名称,茶树病害,病害类型
茶桑,名称,茶树根癌病,疾病名称,茶树病害,病害类型
茶桑,名称,茶树枝梢黑点病,疾病名称,茶树病害,病害类型
茶桑,名称,茶白星病,疾病名称,茶树病害,病害类型
茶桑,名称,茶圆赤星病,疾病名称,茶树病害,病害类型
茶桑,名称,茶褐色叶斑病,疾病名称,茶树病害,病害类型
茶桑,名称,茶藻斑病,疾病名称,茶树病害,病害类型
茶桑,名称,茶轮斑病,疾病名称,茶树病害,病害类型
茶桑,名称,茶饼病,疾病名称,茶树病害,病害类型
茶桑,名称,茶网饼病,疾病名称,茶树病害,病害类型
茶桑,名称,茶胴枯病,疾病名称,茶树病害,病害类型
茶桑,名称,茶树膏药病,疾病名称,茶树病害,病害类型
茶桑,名称,茶红根腐病,疾病名称,茶树病害,病害类型
茶桑,名称,茶苗白绢病,疾病名称,茶树病害,病害类型
茶桑,名称,茶苗根结线虫病,疾病名称,茶树病害,病害类型
茶桑,名称,茶树炭疽病,疾病名称,茶树病害,病害类型
茶桑,名称,茶云纹叶枯病,疾病名称,茶树病害,病害类型
茶桑,名称,茶煤病,疾病名称,茶树病害,病害类型
茶桑,名称,茶枝黑痣病,疾病名称,茶树病害,病害类型
茶桑,名称,茶树地衣和苔藓,疾病名称,茶树病害,病害类型
茶桑,名称,茶树缺素症,疾病名称,茶树病害,病害类型
茶桑,名称,茶树紫纹羽病,疾病名称,茶树病害,病害类型
茶桑,名称,茶树冻害,疾病名称,茶树病害,病害类型
茶桑,名称,黑粉虱,疾病名称,茶树虫害,病害类型
茶桑,名称,假眼小绿叶蝉,疾病名称,茶树虫害,病害类型
茶桑,名称,红圆蚧,疾病名称,茶树虫害,病害类型
茶桑,名称,小绿叶蝉,疾病名称,茶树虫害,病害类型
茶桑,名称,神泽氏叶螨,疾病名称,茶树虫害,病害类型
茶桑,名称,茶毒蛾,疾病名称,茶树虫害,病害类型
茶桑,名称,绿盲蝽,疾病名称,茶树虫害,病害类型
茶桑,名称,茶叶白毒娥,疾病名称,茶树虫害,病害类型
茶桑,名称,黄刺蛾,疾病名称,茶树虫害,病害类型
茶桑,名称,茶黑毒蛾,疾病名称,茶树虫害,病害类型
茶桑,名称,黑刺粉虱,疾病名称,茶树虫害,病害类型
茶桑,名称,茶短须螨,疾病名称,茶树虫害,病害类型
茶桑,名称,油桐尺蠖,疾病名称,茶树虫害,病害类型
茶桑,名称,白蛾蜡蝉,疾病名称,茶树虫害,病害类型
茶桑,名称,茶蛾蜡蝉,疾病名称,茶树虫害,病害类型
茶桑,名称,茶园桔黄粉虱,疾病名称,茶树虫害,病害类型
茶桑,名称,茶二叉蚜,疾病名称,茶树虫害,病害类型
茶桑,名称,茶棍蓟马,疾病名称,茶树虫害,病害类型
茶桑,名称,茶尺蠖,疾病名称,茶树虫害,病害类型
茶桑,名称,茶奕刺蛾,疾病名称,茶树虫害,病害类型
茶桑,名称,木liao尺蠖,疾病名称,茶树虫害,病害类型
茶桑,名称,茶芽瘿蚊,疾病名称,茶树虫害,病害类型
茶桑,名称,云尺蠖,疾病名称,茶树虫害,病害类型
茶桑,名称,茶角胸叶甲,疾病名称,茶树虫害,病害类型
茶桑,名称,角蜡蚧,疾病名称,茶树虫害,病害类型
茶桑,名称,日本蜡蚧,疾病名称,茶树虫害,病害类型
茶桑,名称,茶梨蚧,疾病名称,茶树虫害,病害类型
茶桑,名称,苏铁褐点盾蚧,疾病名称,茶树虫害,病害类型
茶桑,名称,茶牡蛎蚧,疾病名称,茶树虫害,病害类型
茶桑,名称,蛇眼蚧,疾病名称,茶树虫害,病害类型
茶桑,名称,吹绵蚧,疾病名称,茶树虫害,病害类型
茶桑,名称,茶园金龟甲,疾病名称,茶树虫害,病害类型
茶桑,名称,茶木蛾,疾病名称,茶树虫害,病害类型
茶桑,名称,茶枝镰蛾,疾病名称,茶树虫害,病害类型
茶桑,名称,茶树茶材小囊,疾病名称,茶树虫害,病害类型
茶桑,名称,茶树星天牛,疾病名称,茶树虫害,病害类型
茶桑,名称,茶园咖啡木囊蛾,疾病名称,茶树虫害,病害类型
茶桑,名称,长白盾蚧,疾病名称,茶树虫害,病害类型
茶桑,名称,红蜡阶,疾病名称,茶树虫害,病害类型
茶桑,名称,椰圆蚧,疾病名称,茶树虫害,病害类型
茶桑,名称,矢尖蚧,疾病名称,茶树虫害,病害类型
茶桑,名称,八点广翅蜡蝉,疾病名称,茶树虫害,病害类型
茶桑,名称,茶网蝽,疾病名称,茶树虫害,病害类型
茶桑,名称,茶橙瘿螨,疾病名称,茶树虫害,病害类型
茶桑,名称,茶叶瘿螨,疾病名称,茶树虫害,病害类型
茶桑,名称,侧多食跗线螨,疾病名称,茶树虫害,病害类型
茶桑,名称,茶红螨,疾病名称,茶树虫害,病害类型
茶桑,名称,大蓑蛾,疾病名称,茶树虫害,病害类型
茶桑,名称,肾毒蛾,疾病名称,茶树虫害,病害类型
茶桑,名称,折带黄毒蛾,疾病名称,茶树虫害,病害类型
茶桑,名称,豆盗毒蛾,疾病名称,茶树虫害,病害类型
茶桑,名称,台湾黄毒蛾,疾病名称,茶树虫害,病害类型
茶桑,名称,小白纹毒蛾,疾病名称,茶树虫害,病害类型
茶桑,名称,双线盗毒蛾,疾病名称,茶树虫害,病害类型
茶桑,名称,茶小卷叶蛾,疾病名称,茶树虫害,病害类型
茶桑,名称,茶卷叶蛾,疾病名称,茶树虫害,病害类型
茶桑,名称,茶长卷叶蛾,疾病名称,茶树虫害,病害类型
茶桑,名称,茶细蛾,疾病名称,茶树虫害,病害类型
茶桑,名称,茶蓑蛾,疾病名称,茶树虫害,病害类型
茶桑,名称,白囊蓑蛾,疾病名称,茶树虫害,病害类型
茶桑,名称,茶褐蓑蛾,疾病名称,茶树虫害,病害类型
茶桑,名称,桑褐刺蛾,疾病名称,茶树虫害,病害类型
茶桑,名称,扁刺蛾,疾病名称,茶树虫害,病害类型
茶桑,名称,丽绿刺蛾,疾病名称,茶树虫害,病害类型
茶桑,名称,褐边绿刺蛾,疾病名称,茶树虫害,病害类型
茶桑,名称,茶蚕,疾病名称,茶树虫害,病害类型
茶桑,名称,茶斑蛾,疾病名称,茶树虫害,病害类型
茶桑,名称,绿鳞象甲,疾病名称,茶树虫害,病害类型
茶桑,名称,茶丽绞象甲,疾病名称,茶树虫害,病害类型
茶桑,名称,茶天牛,疾病名称,茶树虫害,病害类型
茶桑,名称,茶黄硬蓟马,疾病名称,茶树虫害,病害类型
茶桑,名称,桑树病害,疾病名称,桑树病害,病害类型
茶桑,名称,桑污叶病,疾病名称,桑树病害,病害类型
茶桑,名称,桑里白粉病,疾病名称,桑树病害,病害类型
茶桑,名称,桑褐斑病,疾病名称,桑树病害,病害类型
茶桑,名称,桑灰霉病,疾病名称,桑树病害,病害类型
茶桑,名称,桑赤锈病,疾病名称,桑树病害,病害类型
茶桑,名称,桑卷叶枯病,疾病名称,桑树病害,病害类型
茶桑,名称,桑椹菌核病,疾病名称,桑树病害,病害类型
茶桑,名称,茶树芽枯病,疾病名称,桑树病害,病害类型
茶桑,名称,桑拟干枯病,疾病名称,桑树病害,病害类型
茶桑,名称,桑干枯病,疾病名称,桑树病害,病害类型
茶桑,名称,桑树白纹羽网病,疾病名称,桑树病害,病害类型
茶桑,名称,桑紫纹羽病,疾病名称,桑树病害,病害类型
茶桑,名称,桑花叶病,疾病名称,桑树病害,病害类型
茶桑,名称,桑萎缩型萎缩病,疾病名称,桑树病害,病害类型
茶桑,名称,桑根结线虫病,疾病名称,桑树病害,病害类型
茶桑,名称,桑树缺硼症,疾病名称,桑树病害,病害类型
茶桑,名称,桑炭疽病,疾病名称,桑树病害,病害类型
茶桑,名称,桑树芽枯病,疾病名称,桑树病害,病害类型
茶桑,名称,桑树膏药病,疾病名称,桑树病害,病害类型
茶桑,名称,桑白绢病,疾病名称,桑树病害,病害类型
茶桑,名称,桑细菌性青枯病,疾病名称,桑树病害,病害类型
茶桑,名称,桑黄化型萎缩病,疾病名称,桑树病害,病害类型
茶桑,名称,桑花叶卷叶病,疾病名称,桑树病害,病害类型
茶桑,名称,桑树低温障碍,疾病名称,桑树病害,病害类型
茶桑,名称,桑树氟化物中毒,疾病名称,桑树病害,病害类型
茶桑,名称,桑细菌性疫病,疾病名称,桑树病害,病害类型
茶桑,名称,桑蟥,疾病名称,桑树虫害,病害类型
茶桑,名称,黄星天牛,疾病名称,桑树虫害,病害类型
茶桑,名称,桑园大青叶蝉,疾病名称,桑树虫害,病害类型
茶桑,名称,云斑天牛,疾病名称,桑树虫害,病害类型
茶桑,名称,桑国绿盲蝽,疾病名称,桑树虫害,病害类型
茶桑,名称,皑粉蚧,疾病名称,桑树虫害,病害类型
茶桑,名称,桑木虱,疾病名称,桑树虫害,病害类型
茶桑,名称,桑纽蚧,疾病名称,桑树虫害,病害类型
茶桑,名称,桑小灰象虫,疾病名称,桑树虫害,病害类型
茶桑,名称,桑盾蚧,疾病名称,桑树虫害,病害类型
茶桑,名称,桑园斜纹夜蛾,疾病名称,桑树虫害,病害类型
茶桑,名称,桑叶螨,疾病名称,桑树虫害,病害类型
茶桑,名称,桑象甲,疾病名称,桑树虫害,病害类型
茶桑,名称,桑粉虱,疾病名称,桑树虫害,病害类型
茶桑,名称,蒙古土象,疾病名称,桑树虫害,病害类型
茶桑,名称,桑野蚕,疾病名称,桑树虫害,病害类型
茶桑,名称,桑天牛,疾病名称,桑树虫害,病害类型
茶桑,名称,桑尺蠖,疾病名称,桑树虫害,病害类型
茶桑,名称,桑毛虫,疾病名称,桑树虫害,病害类型
茶桑,名称,桑蓑蛾,疾病名称,桑树虫害,病害类型
茶桑,名称,桑园大蓑娥,疾病名称,桑树虫害,病害类型
茶桑,名称,桑虱,疾病名称,桑树虫害,病害类型
茶桑,名称,桑园黄卷叶蛾,疾病名称,桑树虫害,病害类型
茶桑,名称,春尺蠖,疾病名称,桑树虫害,病害类型
茶桑,名称,桑梢小囊虫,疾病名称,桑树虫害,病害类型
茶桑,名称,蓝尾迷萤叶甲,疾病名称,桑树虫害,病害类型
茶桑,名称,桑黄迷萤叶甲,疾病名称,桑树虫害,病害类型
茶桑,名称,凹缘菱纹叶蝉,疾病名称,桑树虫害,病害类型
茶桑,名称,桑叶蝉,疾病名称,桑树虫害,病害类型
茶桑,名称,拟菱纹叶蝉,疾病名称,桑树虫害,病害类型
茶桑,名称,桑褐刺蛾,疾病名称,桑树虫害,病害类型
茶桑,名称,桑螟,疾病名称,桑树虫害,病害类型
茶桑,名称,桑吸浆虫,疾病名称,桑树虫害,病害类型
茶桑,名称,桑丝叶病毒病,疾病名称,桑树虫害,病害类型
茶桑,名称,稀点雪灯蛾,疾病名称,桑树虫害,病害类型
茶桑,名称,人纹污灯蛾,疾病名称,桑树虫害,病害类型
茶桑,名称,舞毒蛾,疾病名称,桑树虫害,病害类型
茶桑,名称,美国白蛾,疾病名称,桑树虫害,病害类型
茶桑,名称,红棕灰夜蛾,疾病名称,桑树虫害,病害类型
茶桑,名称,桑园黑绒金龟和铜绿金龟,疾病名称,桑树虫害,病害类型
茶桑,名称,堆砂蛀,疾病名称,桑树虫害,病害类型
茶桑,名称,桑蛀虫,疾病名称,桑树虫害,病害类型
茶桑,名称,桑根瘿蚊,疾病名称,桑树虫害,病害类型
茶桑,名称,桑虎天牛,疾病名称,桑树虫害,病害类型
茶桑,名称,桑白毛虫,疾病名称,桑树虫害,病害类型
茶桑,名称,桑褶翅尺蠖,疾病名称,桑树虫害,病害类型
茶桑,名称,枣尺蠖,疾病名称,桑树虫害,病害类型
茶桑,名称,桑叶瘿蚊,疾病名称,桑树虫害,病害类型
茶桑,名称,桑伪棍蓟马,疾病名称,桑树虫害,病害类型
茶桑,名称,桑大象虫,疾病名称,桑树虫害,病害类型
杂草,名称,稗草,疾病名称,杂草,病害类型
杂草,名称,酸模叶蓼,疾病名称,杂草,病害类型
杂草,名称,绵毛酸模叶蓼,疾病名称,杂草,病害类型
杂草,名称,空心莲子草,疾病名称,杂草,病害类型
杂草,名称,四叶萍,疾病名称,杂草,病害类型
杂草,名称,小香蒲,疾病名称,杂草,病害类型
杂草,名称,雨久花,疾病名称,杂草,病害类型
杂草,名称,球穗扁莎草,疾病名称,杂草,病害类型
杂草,名称,扁秆草,疾病名称,杂草,病害类型
杂草,名称,碎米莎草,疾病名称,杂草,病害类型
杂草,名称,异型莎草,疾病名称,杂草,病害类型
杂草,名称,眼子菜,疾病名称,杂草,病害类型
杂草,名称,牛毛毡,疾病名称,杂草,病害类型
杂草,名称,鸭舌草,疾病名称,杂草,病害类型
杂草,名称,野燕麦,疾病名称,杂草,病害类型
杂草,名称,毒麦,疾病名称,杂草,病害类型
杂草,名称,荠,疾病名称,杂草,病害类型
杂草,名称,白草,疾病名称,杂草,病害类型
杂草,名称,独行菜,疾病名称,杂草,病害类型
杂草,名称,车前,疾病名称,杂草,病害类型
杂草,名称,野生麦,疾病名称,杂草,病害类型
杂草,名称,苍耳,疾病名称,杂草,病害类型
杂草,名称,鸭跖草,疾病名称,杂草,病害类型
杂草,名称,芦苇,疾病名称,杂草,病害类型
杂草,名称,看麦娘,疾病名称,杂草,病害类型
杂草,名称,猪毛菜,疾病名称,杂草,病害类型
杂草,名称,田旋花,疾病名称,杂草,病害类型
杂草,名称,荩草,疾病名称,杂草,病害类型
杂草,名称,大刺儿菜,疾病名称,杂草,病害类型
杂草,名称,早熟禾,疾病名称,杂草,病害类型
杂草,名称,播娘篙,疾病名称,杂草,病害类型
杂草,名称,草木樨,疾病名称,杂草,病害类型
杂草,名称,委陵菜,疾病名称,杂草,病害类型
杂草,名称,阿尔泰狗哇花,疾病名称,杂草,病害类型
杂草,名称,旋覆花,疾病名称,杂草,病害类型
杂草,名称,（牛龙）牛儿苗,疾病名称,杂草,病害类型
杂草,名称,山苦荬,疾病名称,杂草,病害类型
杂草,名称,宽叶独行菜,疾病名称,杂草,病害类型
杂草,名称,小花鬼针草,疾病名称,杂草,病害类型
杂草,名称,虎尾草,疾病名称,杂草,病害类型
杂草,名称,石竹,疾病名称,杂草,病害类型
杂草,名称,细叶益母草,疾病名称,杂草,病害类型
杂草,名称,狗尾草,疾病名称,杂草,病害类型
杂草,名称,金色狗尾草,疾病名称,杂草,病害类型
杂草,名称,藜,疾病名称,杂草,病害类型
杂草,名称,律草,疾病名称,杂草,病害类型
杂草,名称,豚草,疾病名称,杂草,病害类型
杂草,名称,鳢肠,疾病名称,杂草,病害类型
杂草,名称,牛筋草,疾病名称,杂草,病害类型
杂草,名称,马唐和止血马唐,疾病名称,杂草,病害类型
杂草,名称,画眉草,疾病名称,杂草,病害类型
杂草,名称,反枝苋,疾病名称,杂草,病害类型
杂草,名称,龙葵,疾病名称,杂草,病害类型
杂草,名称,小飞蓬,疾病名称,杂草,病害类型
杂草,名称,曼陀罗,疾病名称,杂草,病害类型
杂草,名称,马齿苋,疾病名称,杂草,病害类型
杂草,名称,圆叶牵牛,疾病名称,杂草,病害类型
杂草,名称,苘麻,疾病名称,杂草,病害类型
杂草,名称,刺儿菜,疾病名称,杂草,病害类型
害虫,名称,黄地老虎,疾病名称,地下害虫,病害类型
害虫,名称,小地老虎,疾病名称,地下害虫,病害类型
害虫,名称,大地老虎,疾病名称,地下害虫,病害类型
害虫,名称,白边地老虎,疾病名称,地下害虫,病害类型
害虫,名称,警纹地老虎,疾病名称,地下害虫,病害类型
害虫,名称,马铃薯鳃金龟,疾病名称,地下害虫,病害类型
害虫,名称,东南大黑鳃金龟,疾病名称,地下害虫,病害类型
害虫,名称,东北大黑鳃金龟,疾病名称,地下害虫,病害类型
害虫,名称,种蝇,疾病名称,地下害虫,病害类型
害虫,名称,东方蝼蛄,疾病名称,地下害虫,病害类型
害虫,名称,华北蝼蛄,疾病名称,地下害虫,病害类型
害虫,名称,褐纹金针虫,疾病名称,地下害虫,病害类型
害虫,名称,非洲大蜗牛,疾病名称,地下害虫,病害类型
害虫,名称,同型巴蜗牛,疾病名称,地下害虫,病害类型
害虫,名称,野蛞蝓,疾病名称,地下害虫,病害类型
害虫,名称,银川油葫芦,疾病名称,地下害虫,病害类型
害虫,名称,双斑大蟋,疾病名称,地下害虫,病害类型
害虫,名称,蛴螬,疾病名称,地下害虫,病害类型
害虫,名称,沟金针虫,疾病名称,地下害虫,病害类型
害虫,名称,细胸金针虫,疾病名称,地下害虫,病害类型
害虫,名称,网目拟地甲,疾病名称,地下害虫,病害类型
害虫,名称,油葫芦,疾病名称,地下害虫,病害类型
害虫,名称,北京油葫芦,疾病名称,地下害虫,病害类型
农田鼠害,名称,黄胸鼠,疾病名称,农田鼠害,病害类型
农田鼠害,名称,黑线姬鼠,疾病名称,农田鼠害,病害类型
农田鼠害,名称,子午沙鼠,疾病名称,农田鼠害,病害类型
农田鼠害,名称,五趾跳鼠,疾病名称,农田鼠害,病害类型
农田鼠害,名称,大家鼠,疾病名称,农田鼠害,病害类型
农田鼠害,名称,达乌尔鼠兔,疾病名称,农田鼠害,病害类型
农田鼠害,名称,大仓鼠,疾病名称,农田鼠害,病害类型
农田鼠害,名称,花鼠,疾病名称,农田鼠害,病害类型
农田鼠害,名称,黄鼠,疾病名称,农田鼠害,病害类型
农田鼠害,名称,长沙土鼠,疾病名称,农田鼠害,病害类型
贮粮,名称,甘薯软腐病,疾病名称,贮粮病害,病害类型
贮粮,名称,黑曲霉病,疾病名称,贮粮病害,病害类型
贮粮,名称,草酸青霉病,疾病名称,贮粮病害,病害类型
贮粮,名称,匍枝根霉病,疾病名称,贮粮病害,病害类型
贮粮,名称,大米粉红聚端孢病,疾病名称,贮粮病害,病害类型
贮粮,名称,禾谷镰刀菌病,疾病名称,贮粮病害,病害类型
贮粮,名称,白曲霉病,疾病名称,贮粮病害,病害类型
贮粮,名称,黄曲霉病,疾病名称,贮粮病害,病害类型
贮粮,名称,马铃薯干腐病,疾病名称,贮粮病害,病害类型
贮粮,名称,马铃薯（疫霉菌）烂窖,疾病名称,贮粮病害,病害类型
贮粮,名称,谷蠹,疾病名称,贮粮害虫,病害类型
贮粮,名称,锯谷盗,疾病名称,贮粮害虫,病害类型
贮粮,名称,豌豆象,疾病名称,贮粮害虫,病害类型
贮粮,名称,蚕豆象,疾病名称,贮粮害虫,病害类型
贮粮,名称,绿豆象,疾病名称,贮粮害虫,病害类型
贮粮,名称,咖啡豆象,疾病名称,贮粮害虫,病害类型
贮粮,名称,米扁虫,疾病名称,贮粮害虫,病害类型
贮粮,名称,赤拟谷盗,疾病名称,贮粮害虫,病害类型
贮粮,名称,米象,疾病名称,贮粮害虫,病害类型
贮粮,名称,印度谷螟,疾病名称,贮粮害虫,病害类型
贮粮,名称,玉米象,疾病名称,贮粮害虫,病害类型
贮粮,名称,紫斑谷螟,疾病名称,贮粮害虫,病害类型
贮粮,名称,麦蛾,疾病名称,贮粮害虫,病害类型
贮粮,名称,腐食酪螨,疾病名称,贮粮害虫,病害类型
贮粮,名称,谷斑皮囊,疾病名称,贮粮害虫,病害类型
贮粮,名称,黑皮蠹,疾病名称,贮粮害虫,病害类型
贮粮,名称,大谷盗,疾病名称,贮粮害虫,病害类型
贮粮,名称,烟草甲,疾病名称,贮粮害虫,病害类型
贮粮,名称,日本蛛甲,疾病名称,贮粮害虫,病害类型
贮粮,名称,日本蛛甲,疾病名称,贮粮害虫,病害类型
药用植物,名称,珍珠梅褐斑病,疾病名称,根及根茎类药材病害,病害类型
药用植物,名称,芦竹锈病,疾病名称,根及根茎类药材病害,病害类型
药用植物,名称,丹参疫病,疾病名称,根及根茎类药材病害,病害类型
药用植物,名称,药用植物丹参疫病,疾病名称,根及根茎类药材病害,病害类型
药用植物,名称,玄参斑点病,疾病名称,根及根茎类药材病害,病害类型
药用植物,名称,北沙参黑斑病,疾病名称,根及根茎类药材病害,病害类型
药用植物,名称,太子参花叶病,疾病名称,根及根茎类药材病害,病害类型
药用植物,名称,北沙参黄化病,疾病名称,根及根茎类药材病害,病害类型
药用植物,名称,板蓝根霜霉病,疾病名称,根及根茎类药材病害,病害类型
药用植物,名称,板蓝根黑斑病,疾病名称,根及根茎类药材病害,病害类型
药用植物,名称,桔梗轮纹病,疾病名称,根及根茎类药材病害,病害类型
药用植物,名称,川芎根腐病,疾病名称,根及根茎类药材病害,病害类型
药用植物,名称,地黄疫病,疾病名称,根及根茎类药材病害,病害类型
药用植物,名称,地黄轮纹病,疾病名称,根及根茎类药材病害,病害类型
药用植物,名称,白术根腐病,疾病名称,根及根茎类药材病害,病害类型
药用植物,名称,黄连列当,疾病名称,根及根茎类药材病害,病害类型
药用植物,名称,姜眼斑病,疾病名称,根及根茎类药材病害,病害类型
药用植物,名称,姜瘟病,疾病名称,根及根茎类药材病害,病害类型
药用植物,名称,药用莴苣白粉病,疾病名称,根及根茎类药材病害,病害类型
药用植物,名称,莴苣小核盘菌软腐病,疾病名称,根及根茎类药材病害,病害类型
药用植物,名称,苦瓜白粉病,疾病名称,根及根茎类药材病害,病害类型
药用植物,名称,兰草(兰花)炭疽病,疾病名称,根及根茎类药材病害,病害类型
药用植物,名称,萱草炭疽病,疾病名称,根及根茎类药材病害,病害类型
药用植物,名称,牛膝白锈病,疾病名称,根及根茎类药材病害,病害类型
药用植物,名称,山药斑纹病,疾病名称,根及根茎类药材病害,病害类型
药用植物,名称,山药炭疽病,疾病名称,根及根茎类药材病害,病害类型
药用植物,名称,旱芹斑枯病,疾病名称,根及根茎类药材病害,病害类型
药用植物,名称,玉竹镰刀菌根腐病,疾病名称,根及根茎类药材病害,病害类型
药用植物,名称,三七根结线虫病,疾病名称,根及根茎类药材病害,病害类型
药用植物,名称,三七叶腐病,疾病名称,根及根茎类药材病害,病害类型
药用植物,名称,三七(田七)炭疽病,疾病名称,根及根茎类药材病害,病害类型
药用植物,名称,三七(田七)镰刀菌根腐病,疾病名称,根及根茎类药材病害,病害类型
药用植物,名称,西洋参疫病,疾病名称,根及根茎类药材病害,病害类型
药用植物,名称,人参斑枯病,疾病名称,根及根茎类药材病害,病害类型
药用植物,名称,山药斑枯病,疾病名称,根及根茎类药材病害,病害类型
药用植物,名称,山药红斑病,疾病名称,根及根茎类药材病害,病害类型
药用植物,名称,山药镰刀菌枯萎病,疾病名称,根及根茎类药材病害,病害类型
药用植物,名称,山药镰孢褐腐病,疾病名称,根及根茎类药材病害,病害类型
药用植物,名称,山药薯蓣色链隔孢褐斑病,疾病名称,根及根茎类药材病害,病害类型
药用植物,名称,葛(粉葛)细菌性叶斑病,疾病名称,根及根茎类药材病害,病害类型
药用植物,名称,延胡索(元胡)霜霉病,疾病名称,根及根茎类药材病害,病害类型
药用植物,名称,百合叶枯病,疾病名称,根及根茎类药材病害,病害类型
药用植物,名称,百合疫病,疾病名称,根及根茎类药材病害,病害类型
药用植物,名称,百合基腐病,疾病名称,根及根茎类药材病害,病害类型
药用植物,名称,百合白绢病,疾病名称,根及根茎类药材病害,病害类型
药用植物,名称,百合细菌性软腐病,疾病名称,根及根茎类药材病害,病害类型
药用植物,名称,百合病毒病,疾病名称,根及根茎类药材病害,病害类型
药用植物,名称,贝母灰霉病,疾病名称,根及根茎类药材病害,病害类型
药用植物,名称,贝母鳞茎腐烂病,疾病名称,根及根茎类药材病害,病害类型
药用植物,名称,桑细菌性青枯病,疾病名称,根及根茎类药材病害,病害类型
药用植物,名称,巴天酸模白霉病,疾病名称,根及根茎类药材病害,病害类型
药用植物,名称,白芍白粉病,疾病名称,根及根茎类药材病害,病害类型
药用植物,名称,白芍灰霉病,疾病名称,根及根茎类药材病害,病害类型
药用植物,名称,白芍叶霉病,疾病名称,根及根茎类药材病害,病害类型
药用植物,名称,白芍轮斑病,疾病名称,根及根茎类药材病害,病害类型
药用植物,名称,甘草根腐病,疾病名称,根及根茎类药材病害,病害类型
药用植物,名称,甘草褐斑病,疾病名称,根及根茎类药材病害,病害类型
药用植物,名称,黄芪根腐病,疾病名称,根及根茎类药材病害,病害类型
药用植物,名称,酸模白霉病,疾病名称,根及根茎类药材病害,病害类型
药用植物,名称,黄芪白粉病,疾病名称,根及根茎类药材病害,病害类型
药用植物,名称,冬葵菌核病,疾病名称,根及根茎类药材病害,病害类型
药用植物,名称,紫背天葵病毒病,疾病名称,根及根茎类药材病害,病害类型
药用植物,名称,荸荠秆枯病,疾病名称,根及根茎类药材病害,病害类型
药用植物,名称,芦苇,疾病名称,根及根茎类药材病害,病害类型
药用植物,名称,菰瘟病,疾病名称,根及根茎类药材病害,病害类型
药用植物,名称,芭蕉炭疽病,疾病名称,根及根茎类药材病害,病害类型
药用植物,名称,蜀葵灰斑病,疾病名称,根及根茎类药材病害,病害类型
药用植物,名称,茜草根腐病,疾病名称,根及根茎类药材病害,病害类型
药用植物,名称,杜鹃饼病,疾病名称,根及根茎类药材病害,病害类型
药用植物,名称,小檗白粉病,疾病名称,根及根茎类药材病害,病害类型
药用植物,名称,菊芋锈病,疾病名称,根及根茎类药材病害,病害类型
药用植物,名称,榕树根结线虫病,疾病名称,根及根茎类药材病害,病害类型
药用植物,名称,猕猴桃轮斑病,疾病名称,根及根茎类药材病害,病害类型
药用植物,名称,猕猴桃叶斑病,疾病名称,根及根茎类药材病害,病害类型
药用植物,名称,石榴干腐病,疾病名称,根及根茎类药材病害,病害类型
药用植物,名称,鸢尾褐斑病,疾病名称,根及根茎类药材病害,病害类型
药用植物,名称,苎麻炭疽病,疾病名称,根及根茎类药材病害,病害类型
药用植物,名称,白芍疫病,疾病名称,根及根茎类药材病害,病害类型
药用植物,名称,牡丹疫病,疾病名称,根及根茎类药材病害,病害类型
药用植物,名称,臭椿白粉病,疾病名称,根及根茎类药材病害,病害类型
药用植物,名称,芦笋茎枯病,疾病名称,根及根茎类药材病害,病害类型
药用植物,名称,芦笋灰霉病,疾病名称,根及根茎类药材病害,病害类型
药用植物,名称,芦笋茎腐病,疾病名称,根及根茎类药材病害,病害类型
药用植物,名称,油茶煤污病,疾病名称,根及根茎类药材病害,病害类型
药用植物,名称,蒲公英白粉病,疾病名称,根及根茎类药材病害,病害类型
药用植物,名称,防风斑枯病,疾病名称,根及根茎类药材病害,病害类型
药用植物,名称,水仙基腐病,疾病名称,根及根茎类药材病害,病害类型
药用植物,名称,水仙褐斑病,疾病名称,根及根茎类药材病害,病害类型
药用植物,名称,美人蕉瘟病,疾病名称,根及根茎类药材病害,病害类型
药用植物,名称,魔芋白绢病,疾病名称,根及根茎类药材病害,病害类型
药用植物,名称,柿圆斑病,疾病名称,根及根茎类药材病害,病害类型
药用植物,名称,棕榈炭疽病,疾病名称,根及根茎类药材病害,病害类型
药用植物,名称,杨梅癌肿病,疾病名称,根及根茎类药材病害,病害类型
药用植物,名称,天南星炭疽病,疾病名称,根及根茎类药材病害,病害类型
药用植物,名称,天南星花叶病毒病,疾病名称,根及根茎类药材病害,病害类型
药用植物,名称,唐菖蒲,疾病名称,根及根茎类药材病害,病害类型
药用植物,名称,冬珊瑚叶霉病,疾病名称,根及根茎类药材病害,病害类型
药用植物,名称,紫薇白粉病,疾病名称,根及根茎类药材病害,病害类型
药用植物,名称,田旋花白粉病,疾病名称,根及根茎类药材病害,病害类型
药用植物,名称,万年青炭疽病,疾病名称,根及根茎类药材病害,病害类型
药用植物,名称,旱芹斑枯,疾病名称,根及根茎类药材病害,病害类型
药用植物,名称,山茱萸炭疽病,疾病名称,种子果实类药材病害,病害类型
药用植物,名称,山茱萸角斑病,疾病名称,种子果实类药材病害,病害类型
药用植物,名称,峨眉蔷薇白粉病,疾病名称,种子果实类药材病害,病害类型
药用植物,名称,槐树白粉病,疾病名称,种子果实类药材病害,病害类型
药用植物,名称,榆树炭疽病,疾病名称,种子果实类药材病害,病害类型
药用植物,名称,枸杞霉斑病,疾病名称,种子果实类药材病害,病害类型
药用植物,名称,枸杞炭疽病,疾病名称,种子果实类药材病害,病害类型
药用植物,名称,枸杞灰斑病,疾病名称,种子果实类药材病害,病害类型
药用植物,名称,枸杞根腐病,疾病名称,种子果实类药材病害,病害类型
药用植物,名称,牛蒡黑斑病,疾病名称,种子果实类药材病害,病害类型
药用植物,名称,牛蒡白粉病,疾病名称,种子果实类药材病害,病害类型
药用植物,名称,牛蒡细菌叶斑病,疾病名称,种子果实类药材病害,病害类型
药用植物,名称,牛蒡花叶病,疾病名称,种子果实类药材病害,病害类型
药用植物,名称,薏苡黑穗病,疾病名称,种子果实类药材病害,病害类型
药用植物,名称,肉豆蔻穿孔病,疾病名称,种子果实类药材病害,病害类型
药用植物,名称,苍耳霜霉病,疾病名称,种子果实类药材病害,病害类型
药用植物,名称,药用大蒜紫斑病,疾病名称,种子果实类药材病害,病害类型
药用植物,名称,女贞叶斑病,疾病名称,种子果实类药材病害,病害类型
药用植物,名称,红蓼(水红花子)褐斑病,疾病名称,种子果实类药材病害,病害类型
药用植物,名称,辣椒疫病,疾病名称,种子果实类药材病害,病害类型
药用植物,名称,阳春砂仁叶斑病,疾病名称,种子果实类药材病害,病害类型
药用植物,名称,韭菜灰霉病,疾病名称,种子果实类药材病害,病害类型
药用植物,名称,油菜软腐病,疾病名称,种子果实类药材病害,病害类型
药用植物,名称,菠萝灰斑病,疾病名称,种子果实类药材病害,病害类型
药用植物,名称,小茴香枯萎病,疾病名称,种子果实类药材病害,病害类型
药用植物,名称,小茴香灰斑病,疾病名称,种子果实类药材病害,病害类型
药用植物,名称,银杏褐斑病,疾病名称,种子果实类药材病害,病害类型
药用植物,名称,绿豆细菌性疫病,疾病名称,种子果实类药材病害,病害类型
药用植物,名称,浮小麦根腐病,疾病名称,种子果实类药材病害,病害类型
药用植物,名称,稻白叶枯病,疾病名称,种子果实类药材病害,病害类型
药用植物,名称,高梁黑穗病,疾病名称,种子果实类药材病害,病害类型
药用植物,名称,麦角,疾病名称,种子果实类药材病害,病害类型
药用植物,名称,花椒锈病,疾病名称,种子果实类药材病害,病害类型
药用植物,名称,胡椒黄化病,疾病名称,种子果实类药材病害,病害类型
药用植物,名称,胡椒镰刀菌枯萎病,疾病名称,种子果实类药材病害,病害类型
药用植物,名称,病害山楂、野山楂锈病,疾病名称,种子果实类药材病害,病害类型
药用植物,名称,山楂、野山楂白粉病,疾病名称,种子果实类药材病害,病害类型
药用植物,名称,病害木亡果炭疽病,疾病名称,种子果实类药材病害,病害类型
药用植物,名称,柑橘,疾病名称,种子果实类药材病害,病害类型
药用植物,名称,桃褐斑病,疾病名称,种子果实类药材病害,病害类型
药用植物,名称,酸浆,疾病名称,种子果实类药材病害,病害类型
药用植物,名称,葫芦果斑病,疾病名称,种子果实类药材病害,病害类型
药用植物,名称,西瓜疫病,疾病名称,种子果实类药材病害,病害类型
药用植物,名称,桃南瓜,疾病名称,种子果实类药材病害,病害类型
药用植物,名称,咖啡褐斑病,疾病名称,种子果实类药材病害,病害类型
药用植物,名称,栝楼、瓜萎白粉病,疾病名称,种子果实类药材病害,病害类型
药用植物,名称,菠萝黑腐病,疾病名称,种子果实类药材病害,病害类型
药用植物,名称,小茴香软腐病,疾病名称,种子果实类药材病害,病害类型
药用植物,名称,马钱轮纹褐斑病,疾病名称,种子果实类药材病害,病害类型
药用植物,名称,番木瓜褐腐病,疾病名称,种子果实类药材病害,病害类型
药用植物,名称,绿豆叶斑病,疾病名称,种子果实类药材病害,病害类型
药用植物,名称,荞麦立枯病,疾病名称,种子果实类药材病害,病害类型
药用植物,名称,蓖麻黑斑病,疾病名称,种子果实类药材病害,病害类型
药用植物,名称,苘麻子胴枯病,疾病名称,种子果实类药材病害,病害类型
药用植物,名称,亚麻立枯病,疾病名称,种子果实类药材病害,病害类型
药用植物,名称,啤酒花灰霉病,疾病名称,种子果实类药材病害,病害类型
药用植物,名称,啤酒花霜霉病,疾病名称,种子果实类药材病害,病害类型
药用植物,名称,小茴香猝倒病,疾病名称,种子果实类药材病害,病害类型
药用植物,名称,莳萝立枯病,疾病名称,种子果实类药材病害,病害类型
药用植物,名称,莲褐纹病,疾病名称,种子果实类药材病害,病害类型
药用植物,名称,芡黑斑病,疾病名称,种子果实类药材病害,病害类型
药用植物,名称,肉桂叶枯病,疾病名称,种子果实类药材病害,病害类型
药用植物,名称,稠李红点病,疾病名称,种子果实类药材病害,病害类型
药用植物,名称,丝瓜根结钱虫病,疾病名称,种子果实类药材病害,病害类型
药用植物,名称,丝瓜轮纹斑病,疾病名称,种子果实类药材病害,病害类型
药用植物,名称,益智轮绞褐斑病,疾病名称,种子果实类药材病害,病害类型
药用植物,名称,药用莱菔花叶病毒病,疾病名称,种子果实类药材病害,病害类型
药用植物,名称,杏疔病,疾病名称,种子果实类药材病害,病害类型
药用植物,名称,佛手菌核病,疾病名称,种子果实类药材病害,病害类型
药用植物,名称,佛手炭疽病,疾病名称,种子果实类药材病害,病害类型
药用植物,名称,槟榔炭疽病,疾病名称,种子果实类药材病害,病害类型
药用植物,名称,番木瓜霜疫病,疾病名称,种子果实类药材病害,病害类型
药用植物,名称,木瓜锈病,疾病名称,种子果实类药材病害,病害类型
药用植物,名称,栀子孢绿病,疾病名称,种子果实类药材病害,病害类型
药用植物,名称,柚疮痂病,疾病名称,种子果实类药材病害,病害类型
药用植物,名称,梅疮痂病,疾病名称,种子果实类药材病害,病害类型
药用植物,名称,枣锈病,疾病名称,种子果实类药材病害,病害类型
药用植物,名称,枣疯病,疾病名称,种子果实类药材病害,病害类型
药用植物,名称,泡桐丛枝病,疾病名称,种子果实类药材病害,病害类型
药用植物,名称,泡桐根结线虫病,疾病名称,种子果实类药材病害,病害类型
药用植物,名称,补骨脂变叶病,疾病名称,种子果实类药材病害,病害类型
药用植物,名称,核桃枝枯病,疾病名称,种子果实类药材病害,病害类型
药用植物,名称,荔枝霜疫病,疾病名称,种子果实类药材病害,病害类型
药用植物,名称,龙眼、荔枝鬼帚病,疾病名称,种子果实类药材病害,病害类型
药用植物,名称,西番莲黑斑病,疾病名称,种子果实类药材病害,病害类型
药用植物,名称,番石榴褐斑病,疾病名称,种子果实类药材病害,病害类型
药用植物,名称,西番莲茎腐病,疾病名称,种子果实类药材病害,病害类型
药用植物,名称,红花猝倒病,疾病名称,花类药材病害,病害类型
药用植物,名称,红花炭疽病,疾病名称,花类药材病害,病害类型
药用植物,名称,金银花,疾病名称,花类药材病害,病害类型
药用植物,名称,款冬白绢病,疾病名称,花类药材病害,病害类型
药用植物,名称,菊花叶斑病,疾病名称,花类药材病害,病害类型
药用植物,名称,药菊花斑枯病,疾病名称,花类药材病害,病害类型
药用植物,名称,菊花锈病,疾病名称,花类药材病害,病害类型
药用植物,名称,菊花灰霉病,疾病名称,花类药材病害,病害类型
药用植物,名称,菊花白绢病,疾病名称,花类药材病害,病害类型
药用植物,名称,红花锈病,疾病名称,花类药材病害,病害类型
药用植物,名称,向日葵霜霉病,疾病名称,花类药材病害,病害类型
药用植物,名称,药用向日葵列当,疾病名称,花类药材病害,病害类型
药用植物,名称,马蔺锈病,疾病名称,花类药材病害,病害类型
药用植物,名称,万寿菊花腐病,疾病名称,花类药材病害,病害类型
药用植物,名称,药用菊花白粉病,疾病名称,花类药材病害,病害类型
药用植物,名称,菊花花叶病毒病,疾病名称,花类药材病害,病害类型
药用植物,名称,菊花根癌病,疾病名称,花类药材病害,病害类型
药用植物,名称,药用菊花菌核病,疾病名称,花类药材病害,病害类型
药用植物,名称,药菊花枯萎病,疾病名称,花类药材病害,病害类型
药用植物,名称,菊花霜霉病,疾病名称,花类药材病害,病害类型
药用植物,名称,玉米大斑病,疾病名称,花类药材病害,病害类型
药用植物,名称,桂花炭疽病,疾病名称,花类药材病害,病害类型
药用植物,名称,鸡冠花,疾病名称,花类药材病害,病害类型
药用植物,名称,量天尺炭疽病,疾病名称,花类药材病害,病害类型
药用植物,名称,量天尺枯萎腐烂病,疾病名称,花类药材病害,病害类型
药用植物,名称,夹竹桃褐斑病,疾病名称,花类药材病害,病害类型
药用植物,名称,白扁豆锈病,疾病名称,花类药材病害,病害类型
药用植物,名称,玫瑰、月季黑斑病,疾病名称,花类药材病害,病害类型
药用植物,名称,玫瑰、月季白粉病,疾病名称,花类药材病害,病害类型
药用植物,名称,玫瑰、月季病毒病,疾病名称,花类药材病害,病害类型
药用植物,名称,番红花腐烂病,疾病名称,花类药材病害,病害类型
药用植物,名称,白花曼陀罗黑斑病,疾病名称,花类药材病害,病害类型
药用植物,名称,白花曼陀罗轮纹病,疾病名称,花类药材病害,病害类型
药用植物,名称,白花曼陀罗灰斑病,疾病名称,花类药材病害,病害类型
药用植物,名称,曼陀罗黄萎病,疾病名称,花类药材病害,病害类型
药用植物,名称,白扁豆炭疽病,疾病名称,花类药材病害,病害类型
药用植物,名称,穿心莲枯萎病,疾病名称,全草类药材及叶用药材病害,病害类型
药用植物,名称,紫苏锈病,疾病名称,全草类药材及叶用药材病害,病害类型
药用植物,名称,薄荷白绢病,疾病名称,全草类药材及叶用药材病害,病害类型
药用植物,名称,薄荷茎枯病,疾病名称,全草类药材及叶用药材病害,病害类型
药用植物,名称,薄荷病毒病,疾病名称,全草类药材及叶用药材病害,病害类型
药用植物,名称,薄荷灰斑病,疾病名称,全草类药材及叶用药材病害,病害类型
药用植物,名称,薄荷白粉病,疾病名称,全草类药材及叶用药材病害,病害类型
药用植物,名称,薄荷霜霉病,疾病名称,全草类药材及叶用药材病害,病害类型
药用植物,名称,薄荷斑枯病,疾病名称,全草类药材及叶用药材病害,病害类型
药用植物,名称,香草兰茎腐病,疾病名称,全草类药材及叶用药材病害,病害类型
药用植物,名称,佩兰白绢病,疾病名称,全草类药材及叶用药材病害,病害类型
药用植物,名称,苦菜锈病,疾病名称,全草类药材及叶用药材病害,病害类型
药用植物,名称,苏铁斑点病,疾病名称,全草类药材及叶用药材病害,病害类型
药用植物,名称,龙葵轮纹病,疾病名称,全草类药材及叶用药材病害,病害类型
药用植物,名称,仙人掌炭疽病,疾病名称,全草类药材及叶用药材病害,病害类型
药用植物,名称,薄荷锈病,疾病名称,全草类药材及叶用药材病害,病害类型
药用植物,名称,凤仙花白粉病,疾病名称,全草类药材及叶用药材病害,病害类型
药用植物,名称,慈菇黑粉病,疾病名称,全草类药材及叶用药材病害,病害类型
药用植物,名称,病害檀香煤病,疾病名称,全草类药材及叶用药材病害,病害类型
药用植物,名称,苋白锈病,疾病名称,全草类药材及叶用药材病害,病害类型
药用植物,名称,马齿苋白锈病,疾病名称,全草类药材及叶用药材病害,病害类型
药用植物,名称,艾白粉病,疾病名称,全草类药材及叶用药材病害,病害类型
药用植物,名称,芦荟炭疽病,疾病名称,全草类药材及叶用药材病害,病害类型
药用植物,名称,落葵紫斑病,疾病名称,全草类药材及叶用药材病害,病害类型
药用植物,名称,茶树炭疽病,疾病名称,全草类药材及叶用药材病害,病害类型
药用植物,名称,槲寄生和扁枝槲寄生,疾病名称,全草类药材及叶用药材病害,病害类型
药用植物,名称,油松针锈病,疾病名称,全草类药材及叶用药材病害,病害类型
药用植物,名称,油松立枯病,疾病名称,全草类药材及叶用药材病害,病害类型
药用植物,名称,烟草黑胫病,疾病名称,全草类药材及叶用药材病害,病害类型
药用植物,名称,枇杷炭疽病,疾病名称,全草类药材及叶用药材病害,病害类型
药用植物,名称,石楠红斑病,疾病名称,全草类药材及叶用药材病害,病害类型
药用植物,名称,荠菜病毒病,疾病名称,全草类药材及叶用药材病害,病害类型
药用植物,名称,长春花变叶病,疾病名称,全草类药材及叶用药材病害,病害类型
药用植物,名称,马铃薯炭疽病,疾病名称,全草类药材及叶用药材病害,病害类型
药用植物,名称,山莴苣白粉病,疾病名称,全草类药材及叶用药材病害,病害类型
药用植物,名称,菊苣软腐病,疾病名称,全草类药材及叶用药材病害,病害类型
药用植物,名称,藜霜霉病,疾病名称,全草类药材及叶用药材病害,病害类型
药用植物,名称,藜灰斑病,疾病名称,全草类药材及叶用药材病害,病害类型
药用植物,名称,藜叶斑病,疾病名称,全草类药材及叶用药材病害,病害类型
药用植物,名称,菟丝子为害藜,疾病名称,全草类药材及叶用药材病害,病害类型
药用植物,名称,车前草白粉病,疾病名称,全草类药材及叶用药材病害,病害类型
药用植物,名称,君达菜果脚病,疾病名称,全草类药材及叶用药材病害,病害类型
药用植物,名称,芫荽菌核病,疾病名称,全草类药材及叶用药材病害,病害类型
药用植物,名称,蕹菜猝倒病,疾病名称,全草类药材及叶用药材病害,病害类型
药用植物,名称,蕺菜白绢病,疾病名称,全草类药材及叶用药材病害,病害类型
药用植物,名称,草木樨白粉病,疾病名称,全草类药材及叶用药材病害,病害类型
药用植物,名称,狗尾草叶斑病,疾病名称,全草类药材及叶用药材病害,病害类型
药用植物,名称,牡丹根腐病,疾病名称,皮类药材病害,病害类型
药用植物,名称,吊兰炭疽病,疾病名称,皮类药材病害,病害类型
药用植物,名称,石竹褐斑病,疾病名称,皮类药材病害,病害类型
药用植物,名称,黄柏、黄皮树褐斑病,疾病名称,皮类药材病害,病害类型
药用植物,名称,牡丹白粉病,疾病名称,皮类药材病害,病害类型
药用植物,名称,杜仲立枯病,疾病名称,皮类药材病害,病害类型
药用植物,名称,牡丹灰霉病,疾病名称,皮类药材病害,病害类型
药用植物,名称,紫菜莉叶斑病,疾病名称,皮类药材病害,病害类型
药用植物,名称,小蓟灰斑病,疾病名称,皮类药材病害,病害类型
药用植物,名称,朱砂叶螨,疾病名称,草本害虫,病害类型
药用植物,名称,花蓟马,疾病名称,草本害虫,病害类型
药用植物,名称,葱蓟马,疾病名称,草本害虫,病害类型
药用植物,名称,棉蚜,疾病名称,草本害虫,病害类型
药用植物,名称,桃蚜,疾病名称,草本害虫,病害类型
药用植物,名称,侧多食跗线螨,疾病名称,草本害虫,病害类型
药用植物,名称,豆灰蝶,疾病名称,草本害虫,病害类型
药用植物,名称,甜菜夜蛾,疾病名称,草本害虫,病害类型
药用植物,名称,银纹夜蛾,疾病名称,草本害虫,病害类型
药用植物,名称,小红蛱蝶,疾病名称,草本害虫,病害类型
药用植物,名称,大螟,疾病名称,草本害虫,病害类型
药用植物,名称,菜粉蝶,疾病名称,草本害虫,病害类型
药用植物,名称,大蓑蛾,疾病名称,草本害虫,病害类型
药用植物,名称,绿盲蝽,疾病名称,草本害虫,病害类型
药用植物,名称,斑须蝽,疾病名称,草本害虫,病害类型
药用植物,名称,红花指管蚜,疾病名称,草本害虫,病害类型
药用植物,名称,杜仲立枯病,疾病名称,草本害虫,病害类型
药用植物,名称,黄柏、黄皮树褐斑病,疾病名称,草本害虫,病害类型
药用植物,名称,牡丹根腐病,疾病名称,草本害虫,病害类型
药用植物,名称,牡丹灰霉病,疾病名称,草本害虫,病害类型
药用植物,名称,牡丹白粉病,疾病名称,草本害虫,病害类型
药用植物,名称,吊兰炭疽病,疾病名称,草本害虫,病害类型
药用植物,名称,小蓟灰斑病,疾病名称,草本害虫,病害类型
药用植物,名称,紫菜莉叶斑病,疾病名称,草本害虫,病害类型
药用植物,名称,石竹褐斑病,疾病名称,草本害虫,病害类型
药用植物,名称,害虫胡萝卜微管蚜,疾病名称,草本害虫,病害类型
药用植物,名称,绣线菊蚜,疾病名称,草本害虫,病害类型
药用植物,名称,菊小长管蚜,疾病名称,草本害虫,病害类型
药用植物,名称,红花实蝇,疾病名称,草本害虫,病害类型
药用植物,名称,菊天牛,疾病名称,草本害虫,病害类型
药用植物,名称,温室白粉虱,疾病名称,草本害虫,病害类型
药用植物,名称,药用南美斑潜蝇,疾病名称,草本害虫,病害类型
药用植物,名称,南美斑潜蝇,疾病名称,草本害虫,病害类型
药用植物,名称,菊花瘿蚊,疾病名称,草本害虫,病害类型
药用植物,名称,紫苏野螟,疾病名称,草本害虫,病害类型
药用植物,名称,茴香薄翅野螟,疾病名称,草本害虫,病害类型
药用植物,名称,黑足黑守瓜,疾病名称,草本害虫,病害类型
药用植物,名称,莴苣冬夜蛾,疾病名称,草本害虫,病害类型
药用植物,名称,花弄蝶,疾病名称,草本害虫,病害类型
药用植物,名称,姜弄蝶,疾病名称,草本害虫,病害类型
药用植物,名称,黄凤蝶,疾病名称,草本害虫,病害类型
药用植物,名称,菊潜叶蝇,疾病名称,草本害虫,病害类型
药用植物,名称,茄二十八星瓢虫,疾病名称,草本害虫,病害类型
药用植物,名称,番茄斑潜蝇,疾病名称,草本害虫,病害类型
药用植物,名称,豌豆彩潜蝇,疾病名称,草本害虫,病害类型
药用植物,名称,豆秆果潜蝇,疾病名称,草本害虫,病害类型
药用植物,名称,亚洲玉米螟,疾病名称,草本害虫,病害类型
药用植物,名称,草地螟,疾病名称,草本害虫,病害类型
药用植物,名称,豆荚斑螟,疾病名称,草本害虫,病害类型
药用植物,名称,斜纹夜娥,疾病名称,草本害虫,病害类型
药用植物,名称,棉铃虫,疾病名称,草本害虫,病害类型
药用植物,名称,棉小造桥虫,疾病名称,草本害虫,病害类型
药用植物,名称,大青叶蝉,疾病名称,草本害虫,病害类型
药用植物,名称,十四点负泥甲,疾病名称,草本害虫,病害类型
药用植物,名称,红棕灰夜蛾,疾病名称,木本害虫,病害类型
药用植物,名称,玫瑰巾夜蛾,疾病名称,木本害虫,病害类型
药用植物,名称,茸毒蛾,疾病名称,木本害虫,病害类型
药用植物,名称,樗蚕蛾,疾病名称,木本害虫,病害类型
药用植物,名称,银杏大蚕蛾,疾病名称,木本害虫,病害类型
药用植物,名称,绿尾大蚕蛾,疾病名称,木本害虫,病害类型
药用植物,名称,柑桔凤蝶,疾病名称,木本害虫,病害类型
药用植物,名称,小绿叶蝉,疾病名称,木本害虫,病害类型
药用植物,名称,黄刺蛾,疾病名称,木本害虫,病害类型
药用植物,名称,枣尺蠖,疾病名称,木本害虫,病害类型
药用植物,名称,咖啡木蠹娥,疾病名称,木本害虫,病害类型
药用植物,名称,榆四脉绵蚜,疾病名称,木本害虫,病害类型
药用植物,名称,枸杞蚜虫,疾病名称,木本害虫,病害类型
药用植物,名称,诃子瘤蛾,疾病名称,木本害虫,病害类型
药用植物,名称,枸杞木虱,疾病名称,木本害虫,病害类型
药用植物,名称,枸杞实蝇,疾病名称,木本害虫,病害类型
药用植物,名称,枸杞负泥虫,疾病名称,木本害虫,病害类型
药用植物,名称,梨花网蝽,疾病名称,木本害虫,病害类型
药用植物,名称,竹节,疾病名称,木本害虫,病害类型
药用植物,名称,竹节虫,疾病名称,木本害虫,病害类型
药用植物,名称,蔷薇叶蜂,疾病名称,木本害虫,病害类型
药用植物,名称,蔷薇切叶蜂,疾病名称,木本害虫,病害类型
药用植物,名称,咖啡透翅天蛾,疾病名称,木本害虫,病害类型
药用植物,名称,枇杷黄毛虫,疾病名称,木本害虫,病害类型
药用植物,名称,玉带凤蝶,疾病名称,木本害虫,病害类型
药用植物,名称,中华虎凤蝶,疾病名称,木本害虫,病害类型
药用植物,名称,黄栀子灰蝶,疾病名称,木本害虫,病害类型
药用植物,名称,柳蝙蛾,疾病名称,木本害虫,病害类型
药用植物,名称,褐天牛,疾病名称,木本害虫,病害类型
药用植物,名称,星天牛,疾病名称,木本害虫,病害类型
药用植物,名称,光肩星天牛,疾病名称,木本害虫,病害类型
药用植物,名称,龟背天牛,疾病名称,木本害虫,病害类型
药用植物,名称,中华锯花天牛,疾病名称,木本害虫,病害类型
药用植物,名称,中华金带蛾,疾病名称,木本害虫,病害类型
药用植物,名称,山楂叶螨,疾病名称,木本害虫,病害类型
药用植物,名称,瘤胸材小蠹,疾病名称,木本害虫,病害类型
药用植物,名称,山楂长小囊,疾病名称,木本害虫,病害类型
药用植物,名称,紫薇绒蚧,疾病名称,木本害虫,病害类型
药用植物,名称,紫苏粉蚧,疾病名称,木本害虫,病害类型
药用植物,名称,常春藤圆盾蚧,疾病名称,木本害虫,病害类型
药用植物,名称,榆黄金花虫,疾病名称,木本害虫,病害类型
药用植物,名称,榆毒蛾,疾病名称,木本害虫,病害类型
药用植物,名称,马尾松毛虫,疾病名称,木本害虫,病害类型
药用植物,名称,植物害虫马尾松毛虫,疾病名称,木本害虫,病害类型
药用植物,名称,吹绵蚧,疾病名称,木本害虫,病害类型
药用植物,名称,红蜡蚧,疾病名称,木本害虫,病害类型
药用植物,名称,椰圆蚧,疾病名称,木本害虫,病害类型
药用植物,名称,角蜡蚧,疾病名称,木本害虫,病害类型
药用植物,名称,腐食酪螨,疾病名称,药用植物根部害虫,病害类型
药用植物,名称,罗宾根蜗,疾病名称,药用植物根部害虫,病害类型
药用植物,名称,韭菜迟眼蕈蚊,疾病名称,药用植物根部害虫,病害类型
药用植物,名称,龟背天牛,疾病名称,药用植物根部害虫,病害类型
药用植物,名称,地老虎类,疾病名称,药用植物根部害虫,病害类型
药用植物,名称,蝼蛄类,疾病名称,药用植物根部害虫,病害类型
药用植物,名称,种蝇类,疾病名称,药用植物根部害虫,病害类型
药用植物,名称,西瓜虫,疾病名称,药用植物根部害虫,病害类型
药用植物,名称,野蛹蝓和同型巴蜗牛,疾病名称,药用植物根部害虫,病害类型
药用植物,名称,金龟子,疾病名称,药用植物根部害虫,病害类型
药用植物,名称,金针虫类,疾病名称,药用植物根部害虫,病害类型
药用植物,名称,网目拟地甲,疾病名称,药用植物根部害虫,病害类型
药用植物,名称,油葫芦类,疾病名称,药用植物根部害虫,病害类型
一柱香病,疾病名称,水稻一柱香病,属性,中文名,属性
一柱香病,疾病名称,riceudbattadisease,属性,外文名,属性
一柱香病,疾病名称,稻一柱香病,别名,别名,别名
一柱香病,疾病名称,稻柱香菌,属性,病原,属性
一柱香病,疾病名称,水稻,属性,为害作物,属性
一柱香病,疾病名称,穗部,属性,为害部位,属性
三化螟,疾病名称,钻心虫,别名,别名,别名
三化螟,疾病名称,三化螟,属性,中文学名,属性
三化螟,疾病名称,Scirpophagaincertulas,属性,拉丁学名,属性
三化螟,疾病名称,动物界,属性,界,属性
三化螟,疾病名称,节肢动物门,属性,门,属性
三化螟,疾病名称,六足亚门,属性,亚门,属性
三化螟,疾病名称,昆虫纲,属性,纲,属性
三化螟,疾病名称,有翅亚纲,属性,亚纲,属性
三化螟,疾病名称,鳞翅目（Lepidoptera）,属性,目,属性
三化螟,疾病名称,异角亚目,属性,亚目,属性
三化螟,疾病名称,螟蛾科（Pyralidae）,属性,科,属性
三化螟,疾病名称,蛀禾螟属,属性,属,属性
三化螟,疾病名称,三化螟,属性,种,属性
三化螟,疾病名称,长江流域及以南稻区。,属性,分布区域,属性
东格鲁病毒病,疾病名称,东格鲁球状病毒,属性,中文名,属性
东格鲁病毒病,疾病名称,Ricetungrosphericalvirus,属性,拉丁学名,属性
东格鲁病毒病,疾病名称,玉米褪绿矮缩病毒组,属性,病原分类地位,属性
东格鲁病毒病,疾病名称,病毒,属性,病害类型,属性
东格鲁病毒病,疾病名称,水稻,属性,主要危害作物,属性
二化螟,疾病名称,二化螟,属性,中文名,属性
二化螟,疾病名称,钻心虫,别名,别名,别名
二化螟,疾病名称,蛀心虫,别名,别名,别名
二化螟,疾病名称,蛀秆虫,别名,别名,别名
二化螟,疾病名称,Chilosuppressalis（Walker）,属性,拉丁学名,属性
二化螟,疾病名称,动物界,属性,界,属性
二化螟,疾病名称,节肢动物门,属性,门,属性
二化螟,疾病名称,昆虫纲,属性,纲,属性
二化螟,疾病名称,有翅亚纲,属性,亚纲,属性
二化螟,疾病名称,鳞翅目,属性,目,属性
二化螟,疾病名称,螟蛾科,属性,科,属性
二化螟,疾病名称,二化螟,属性,种,属性
二化螟,疾病名称,中国各水稻区均有分布，以长江流域及以南稻区为主。,属性,分布区域,属性
云形病,疾病名称,稻格氏霉,属性,中文学名,属性
云形病,疾病名称,Gerlachiaoryzae（HashiokaetYokogi）w.Gams,属性,拉丁学名,属性
云形病,疾病名称,真菌界,属性,界,属性
云形病,疾病名称,半知菌亚门,属性,门,属性
低温冷害,疾病名称,水稻低温冷害,属性,中文名,属性
低温冷害,疾病名称,农业生产,属性,所属领域,属性
倒伏,疾病名称,水稻倒伏,属性,中文名,属性
倒伏,疾病名称,ricelodging,属性,外文名,属性
倒伏,疾病名称,使作物的产量和质量降低,属性,影响,属性
倒伏,疾病名称,稻、麦等谷类作物,属性,对象,属性
倒伏,疾病名称,作物生育的中后期,属性,发生时期,属性
倒伏,疾病名称,基部倒伏，二是折秆倒伏,属性,症状,属性
叶尖枯病,疾病名称,稻生茎点霉,属性,中文学名,属性
叶尖枯病,疾病名称,PhomaoryzicolaHara=PhyllostictaoryzaeHara,属性,拉丁学名,属性
叶尖枯病,疾病名称,真菌界,属性,界,属性
叶尖枯病,疾病名称,半知菌亚门真菌,属性,门,属性
叶鞘网斑病,疾病名称,稻叶鞘网斑病,属性,中文名,属性
叶鞘网斑病,疾病名称,Sheathnet-blotchofrice,属性,外文名,属性
叶鞘网斑病,疾病名称,水稻叶鞘网斑病,别名,别名,别名
叶鞘网斑病,疾病名称,稻叶鞘网斑病菌,属性,病原,属性
叶鞘网斑病,疾病名称,水稻,属性,为害作物,属性
叶鞘网斑病,疾病名称,叶鞘,属性,为害部位,属性
叶鞘腐败病,疾病名称,稻帚枝霉,属性,中文学名,属性
叶鞘腐败病,疾病名称,Sarocladiumoryzae（Sawada）W.Gams.etWebster,属性,拉丁学名,属性
叶鞘腐败病,疾病名称,真菌界,属性,界,属性
叶鞘腐败病,疾病名称,半知菌亚门,属性,门,属性
叶鞘腐败病,疾病名称,水稻,属性,危害作物,属性
叶鞘腐败病,疾病名称,叶鞘,属性,为害部位,属性
叶黑肿病,疾病名称,叶黑肿病,别名,别名,别名
叶黑肿病,疾病名称,水稻叶黑粉病,属性,中医病名,属性
叶黑肿病,疾病名称,水稻,属性,多发群体,属性
叶黑肿病,疾病名称,叶片,属性,常见发病部位,属性
周斑水虹,疾病名称,水稻周斑水虹,属性,中文学名,属性
周斑水虹,疾病名称,Stratiomyiachoui(Lindner),属性,拉丁学名,属性
周斑水虹,疾病名称,动物界,属性,界,属性
周斑水虹,疾病名称,节肢动物门Arthropoda,属性,门,属性
周斑水虹,疾病名称,昆虫纲Isecta,属性,纲,属性
周斑水虹,疾病名称,双翅目,属性,目,属性
周斑水虹,疾病名称,水虹科,属性,科,属性
周斑水虹,疾病名称,分布在辽宁、黑龙江、陕西等,属性,分布区域,属性
大稻缘蝽,疾病名称,稻蛛缘蝽,别名,别名,别名
大稻缘蝽,疾病名称,稻穗缘蝽,别名,别名,别名
大稻缘蝽,疾病名称,异稻缘蝽,别名,别名,别名
大稻缘蝽,疾病名称,水稻大稻缘蝽,属性,中文学名,属性
大稻缘蝽,疾病名称,Leptocorisaacuta(Thunberg,属性,拉丁学名,属性
大稻缘蝽,疾病名称,动物界,属性,界,属性
大稻缘蝽,疾病名称,节肢动物门Arthropoda,属性,门,属性
大稻缘蝽,疾病名称,昆虫纲Isecta,属性,纲,属性
大稻缘蝽,疾病名称,半翅目,属性,目,属性
大稻缘蝽,疾病名称,缘熔科,属性,科,属性
大稻缘蝽,疾病名称,分布在广东、广西、海南、云南、台湾等省区,属性,分布区域,属性
大绿蝽,疾病名称,角肩蝽象,别名,别名,别名
大绿蝽,疾病名称,角肩蝽,别名,别名,别名
大绿蝽,疾病名称,长吻蝽,别名,别名,别名
大绿蝽,疾病名称,棱蝽。,别名,别名,别名
大绿蝽,疾病名称,水稻大绿蝽,属性,中文学名,属性
大绿蝽,疾病名称,Rhynchocorishumeralis(Thunberg),属性,拉丁学名,属性
大绿蝽,疾病名称,动物界,属性,界,属性
大绿蝽,疾病名称,节肢动物门Arthropoda,属性,门,属性
大绿蝽,疾病名称,昆虫纲Insecta,属性,纲,属性
大绿蝽,疾病名称,半翅目,属性,目,属性
大绿蝽,疾病名称,蝽科,属性,科,属性
大绿蝽,疾病名称,江苏、浙江、江西、湖南；福建、台湾、广东、广西、贵州、四川等,属性,分布区域,属性
大绿蝽,疾病名称,桔棘蝽、黄谅蚁、螳螂和蜘蛛。,属性,天敌,属性
大螟,疾病名称,大螟,属性,中文名,属性
大螟,疾病名称,稻蛀茎夜蛾,别名,别名,别名
大螟,疾病名称,紫螟,别名,别名,别名
大螟,疾病名称,"Sesamiainferens(Walker,1856)",属性,拉丁学名,属性
大螟,疾病名称,节肢动物门,属性,门,属性
大螟,疾病名称,六足亚门,属性,亚门,属性
大螟,疾病名称,昆虫纲,属性,纲,属性
大螟,疾病名称,有翅亚纲,属性,亚纲,属性
大螟,疾病名称,鳞翅目,属性,目,属性
大螟,疾病名称,夜蛾科Noctuidae,属性,科,属性
大螟,疾病名称,蛀茎夜蛾属,属性,属,属性
大螟,疾病名称,大螟,属性,种,属性
大螟,疾病名称,陕西、河南以南稻区的大部稻区。,属性,分布区域,属性
山稻蝗,疾病名称,水稻山稻蝗,属性,中文学名,属性
山稻蝗,疾病名称,OxyaagavisaTsai,属性,拉丁学名,属性
山稻蝗,疾病名称,直翅目,属性,目,属性
山稻蝗,疾病名称,蝗总科,属性,科,属性
干尖线虫病,疾病名称,干尖病,别名,别名,别名
干尖线虫病,疾病名称,白尖病,别名,别名,别名
干尖线虫病,疾病名称,水稻干尖线虫,属性,中文学名,属性
干尖线虫病,疾病名称,AphelenchoidesbessseyiChristie,属性,拉丁学名,属性
干尖线虫病,疾病名称,病毒界,属性,界,属性
干尖线虫病,疾病名称,线虫动物门,属性,门,属性
干尖线虫病,疾病名称,侧尾腺口纲,属性,纲,属性
干尖线虫病,疾病名称,滑刃目,属性,目,属性
干尖线虫病,疾病名称,滑刃科,属性,科,属性
干尖线虫病,疾病名称,滑刃线虫属,属性,属,属性
干尖线虫病,疾病名称,日本九州,属性,原产地,属性
显纹纵卷叶螟,疾病名称,显纹刷须野螟,别名,别名,别名
显纹纵卷叶螟,疾病名称,水稻显纹纵卷叶螟,属性,中文学名,属性
显纹纵卷叶螟,疾病名称,Susumiaexigua(Butler),属性,拉丁学名,属性
显纹纵卷叶螟,疾病名称,昆虫纲,属性,纲,属性
显纹纵卷叶螟,疾病名称,鳞翅目,属性,目,属性
显纹纵卷叶螟,疾病名称,螟蛾科,属性,科,属性
显纹纵卷叶螟,疾病名称,辽宁，海南、广东、广西、云南、四川,属性,分布区域,属性
条纹叶枯病,疾病名称,水稻条纹叶枯病,属性,中文名,属性
条纹叶枯病,疾病名称,Ricestripevirus,属性,病原英文名,属性
条纹叶枯病,疾病名称,病毒,属性,病害类型,属性
条纹叶枯病,疾病名称,水稻,属性,主要危害作物,属性
条纹叶枯病,疾病名称,叶片,属性,主要为害部位,属性
烂秧病,疾病名称,水稻烂秧,属性,中文名,属性
烂秧病,疾病名称,水稻烂秧病,别名,别名,别名
烂秧病,疾病名称,烂秧病,别名,别名,别名
烂秧病,疾病名称,水稻,属性,为害作物,属性
烂秧病,疾病名称,种子、芽（芽谷）、秧苗,属性,危害部位,属性
烂秧病,疾病名称,禾谷镰刀菌、立枯丝核菌、稻腐霉、层出绵霉等,属性,病原,属性
田蚜虫,疾病名称,麦长管蚜,属性,中文学名,属性
田蚜虫,疾病名称,Sitobionavenae(Fabricius),属性,拉丁学名,属性
田蚜虫,疾病名称,Macrosiphumavenae(Fabricius),属性,二名法,属性
田蚜虫,疾病名称,动物界,属性,界,属性
田蚜虫,疾病名称,节肢动物门,属性,门,属性
田蚜虫,疾病名称,六足亚门,属性,亚门,属性
田蚜虫,疾病名称,昆虫纲,属性,纲,属性
田蚜虫,疾病名称,有翅亚纲,属性,亚纲,属性
田蚜虫,疾病名称,同翅目,属性,目,属性
田蚜虫,疾病名称,胸喙亚目,属性,亚目,属性
田蚜虫,疾病名称,蚜科,属性,科,属性
田蚜虫,疾病名称,Sitobion,属性,属,属性
田蚜虫,疾病名称,麦长管蚜,属性,种,属性
田蚜虫,疾病名称,中国各产麦区,属性,分布区域,属性
田蚜虫,疾病名称,蚜总科,属性,总科,属性
电光叶蝉,疾病名称,水稻电光叶蝉,属性,中文学名,属性
电光叶蝉,疾病名称,Inazumadorsalis,属性,拉丁学名,属性
电光叶蝉,疾病名称,动物界,属性,界,属性
电光叶蝉,疾病名称,叶蝉科,属性,科,属性
白叶枯病,疾病名称,水稻白叶枯病,属性,中文名,属性
白叶枯病,疾病名称,着风,别名,别名,别名
白叶枯病,疾病名称,过火风,别名,别名,别名
白叶枯病,疾病名称,白叶瘟,别名,别名,别名
白叶枯病,疾病名称,茅草瘟,别名,别名,别名
白叶枯病,疾病名称,地火烧等,别名,别名,别名
白叶枯病,疾病名称,叶缘型、青枯型,属性,发病类型,属性
白叶枯病,疾病名称,水稻白叶枯病原细菌,属性,病    原,属性
白叶枯病,疾病名称,水稻,属性,为害作物,属性
白叶枯病,疾病名称,叶片、叶鞘,属性,为害部位,属性
白绢病,疾病名称,齐整小核菌,属性,中文学名,属性
白绢病,疾病名称,SclerotiumrolfsiiSacc,属性,拉丁学名,属性
白绢病,疾病名称,真菌界,属性,界,属性
白绢病,疾病名称,半知菌亚门,属性,门,属性
白绢病,疾病名称,中国双季稻区时有发生,属性,分布区域,属性
白绢病,疾病名称,土壤,属性,传播因子,属性
白背飞虱,疾病名称,水稻白背飞虱,属性,中文学名,属性
白背飞虱,疾病名称,Sogatellafurcifera(Horvath),属性,拉丁学名,属性
白背飞虱,疾病名称,动物界,属性,界,属性
白背飞虱,疾病名称,节肢动物门Arthropoda,属性,门,属性
白背飞虱,疾病名称,昆虫纲Isecta,属性,纲,属性
白背飞虱,疾病名称,半翅目,属性,目,属性
白背飞虱,疾病名称,飞虱科,属性,科,属性
白背飞虱,疾病名称,中国英白、水稻种植区。,属性,分布区域,属性
直纹稻弄蝶,疾病名称,水稻直纹稻弄蝶,属性,中文名,属性
直纹稻弄蝶,疾病名称,Riceskipper,属性,外文名,属性
直纹稻弄蝶,疾病名称,稻苞虫,别名,别名,别名
直纹稻弄蝶,疾病名称,稻结虫,别名,别名,别名
直纹稻弄蝶,疾病名称,结苞虫,别名,别名,别名
直纹稻弄蝶,疾病名称,扯苞虫,别名,别名,别名
直纹稻弄蝶,疾病名称,苞叶虫,别名,别名,别名
直纹稻弄蝶,疾病名称,"Parnaraguttata(Bremer&Grey,1853)",属性,拉丁学名,属性
直纹稻弄蝶,疾病名称,鳞翅目,属性,目,属性
直纹稻弄蝶,疾病名称,弄蝶科,属性,科,属性
直纹稻弄蝶,疾病名称,稻弄蝶属,属性,属,属性
矮缩病,疾病名称,水稻矮缩病,属性,中文名,属性
矮缩病,疾病名称,Ricedwarfvirus简称RDV,属性,外文名,属性
矮缩病,疾病名称,水稻普通矮缩病,别名,别名,别名
矮缩病,疾病名称,普矮,别名,别名,别名
矮缩病,疾病名称,青矮等,别名,别名,别名
矮缩病,疾病名称,水稻,属性,主要危害作物,属性
禾蓟马,疾病名称,水稻禾蓟马,属性,中文名,属性
禾蓟马,疾病名称,水稻、玉米等禾本科植物,属性,寄主,属性
禾蓟马,疾病名称,等内蒙古、辽宁、福建,属性,分布地区,属性
禾蓟马,疾病名称,1.3—1.5mm,属性,体长,属性
稻巢螟,疾病名称,稻巢草螟,别名,别名,别名
稻巢螟,疾病名称,日本稻巢螟,别名,别名,别名
稻巢螟,疾病名称,稻筒巢螟,别名,别名,别名
稻巢螟,疾病名称,水稻稻巢螟,属性,中文学名,属性
稻巢螟,疾病名称,Ancyllomiajaponicazeller,属性,拉丁学名,属性
稻巢螟,疾病名称,动物界,属性,界,属性
稻巢螟,疾病名称,节肢动物门Arthropoda,属性,门,属性
稻巢螟,疾病名称,昆虫纲Isecta,属性,纲,属性
稻巢螟,疾病名称,鳞翅目,属性,目,属性
稻巢螟,疾病名称,螟蛾科,属性,科,属性
稻巢螟,疾病名称,广布亚洲各稻区,属性,分布区域,属性
稻曲病,疾病名称,水稻稻曲病,属性,中文名,属性
稻曲病,疾病名称,伪黑穗病,别名,别名,别名
稻曲病,疾病名称,绿黑穗病,别名,别名,别名
稻曲病,疾病名称,谷花病,别名,别名,别名
稻曲病,疾病名称,青粉病,别名,别名,别名
稻曲病,疾病名称,水稻,属性,主要危害作物,属性
稻曲病,疾病名称,穗部、部分谷粒,属性,主要为害部位,属性
稻曲病,疾病名称,Ustilaginoideaoryzae,属性,拉丁学名,属性
稻曲病,疾病名称,半知菌亚门真菌,属性,病原分类地位,属性
稻曲病,疾病名称,真菌,属性,类型,属性
稻棘缘蝽,疾病名称,水稻稻棘缘蝽,属性,中文学名,属性
稻棘缘蝽,疾病名称,Cletuspunctiger(Dallas),属性,拉丁学名,属性
稻棘缘蝽,疾病名称,动物界,属性,界,属性
稻棘缘蝽,疾病名称,节肢动物门Arthropoda,属性,门,属性
稻棘缘蝽,疾病名称,昆虫纲Isecta,属性,纲,属性
稻棘缘蝽,疾病名称,半翅目,属性,目,属性
稻棘缘蝽,疾病名称,缘蝽科,属性,科,属性
稻棘缘蝽,疾病名称,湖南、湖北、广东、云南、贵州、西藏等,属性,分布区域,属性
稻水螟,疾病名称,水稻稻水螟,属性,中文学名,属性
稻水螟,疾病名称,动物界,属性,界,属性
稻水螟,疾病名称,鳞翅目,属性,目,属性
稻水螟,疾病名称,螟蛾科,属性,科,属性
稻水象甲,疾病名称,水稻稻水象甲,属性,中文学名,属性
稻水象甲,疾病名称,LissorhoptrusoryzophilusKuschel,属性,拉丁学名,属性
稻水象甲,疾病名称,动物界,属性,界,属性
稻水象甲,疾病名称,节肢动物门（Arthropoda),属性,门,属性
稻水象甲,疾病名称,昆虫纲（Insecta),属性,纲,属性
稻水象甲,疾病名称,鞘翅目,属性,目,属性
稻水象甲,疾病名称,象甲科,属性,科,属性
稻水象甲,疾病名称,河北、广西、广台湾等省。,属性,分布区域,属性
稻水象甲,疾病名称,美国东部、古巴等地,属性,原产地,属性
稻潜叶蝇,疾病名称,稻小潜叶蝇,别名,别名,别名
稻潜叶蝇,疾病名称,夹叶虫,别名,别名,别名
稻潜叶蝇,疾病名称,蛀叶虫,别名,别名,别名
稻潜叶蝇,疾病名称,稻潜叶蝇,属性,中文学名,属性
稻潜叶蝇,疾病名称,Hydrelliagriseola,属性,拉丁学名,属性
稻潜叶蝇,疾病名称,Hydrelliagriseola(Fallen),属性,二名法,属性
稻潜叶蝇,疾病名称,动物界,属性,界,属性
稻潜叶蝇,疾病名称,节肢动物门Arthropoda,属性,门,属性
稻潜叶蝇,疾病名称,昆虫纲Isecta,属性,纲,属性
稻潜叶蝇,疾病名称,双翅目Diptera,属性,目,属性
稻潜叶蝇,疾病名称,水蝇科Ephydridae,属性,科,属性
稻潜叶蝇,疾病名称,毛眼水蝇属Hydrellia,属性,属,属性
稻潜叶蝇,疾病名称,稻潜叶蝇,属性,种,属性
稻潜叶蝇,疾病名称,东北、华北、浙江等,属性,分布区域,属性
稻田棉铃虫,疾病名称,水稻稻田棉铃虫,属性,中文名,属性
稻田棉铃虫,疾病名称,动物界,属性,界,属性
稻田棉铃虫,疾病名称,参见棉铃虫,属性,形态特征,属性
稻田棉铃虫,疾病名称,分布在全国各地,属性,地理分布,属性
稻田粘虫,疾病名称,东方粘虫,别名,别名,别名
稻田粘虫,疾病名称,俗称剃枝虫,别名,别名,别名
稻田粘虫,疾病名称,行军虫,别名,别名,别名
稻田粘虫,疾病名称,五色虫,别名,别名,别名
稻田粘虫,疾病名称,水稻稻田粘虫,属性,中文学名,属性
稻田粘虫,疾病名称,Leucuniaseparata(Walker),属性,拉丁学名,属性
稻田粘虫,疾病名称,动物界,属性,界,属性
稻田粘虫,疾病名称,节肢动物门（Arthropoda),属性,门,属性
稻田粘虫,疾病名称,昆虫纲（Insecta),属性,纲,属性
稻田粘虫,疾病名称,鳞翅目,属性,目,属性
稻田粘虫,疾病名称,夜蛾科,属性,科,属性
稻田粘虫,疾病名称,除新疆、西藏外，其他各地,属性,分布区域,属性
稻瘟病,疾病名称,水稻稻瘟病,属性,中文名,属性
稻瘟病,疾病名称,稻热病,别名,别名,别名
稻瘟病,疾病名称,火烧瘟,别名,别名,别名
稻瘟病,疾病名称,叩头瘟,别名,别名,别名
稻瘟病,疾病名称,水稻,属性,主要危害作物,属性
稻瘟病,疾病名称,叶片、茎秆、穗部,属性,主要为害部位,属性
稻瘟病,疾病名称,Magnaportheoryzae,属性,拉丁学名,属性
稻瘟病,疾病名称,半知菌亚门真菌,属性,病原分类地位,属性
稻瘟病,疾病名称,真菌,属性,类型,属性
稻瘿蚊,疾病名称,Asianricegallmidge,属性,外文名,属性
稻瘿蚊,疾病名称,稻瘿蝇,别名,别名,别名
稻瘿蚊,疾病名称,稻瘿蚊,属性,中文学名,属性
稻瘿蚊,疾病名称,Orseoiaoryzae（Wood-Mason）,属性,拉丁学名,属性
稻瘿蚊,疾病名称,动物界,属性,界,属性
稻瘿蚊,疾病名称,节肢动物门,属性,门,属性
稻瘿蚊,疾病名称,六足亚门,属性,亚门,属性
稻瘿蚊,疾病名称,昆虫纲,属性,纲,属性
稻瘿蚊,疾病名称,有翅亚纲,属性,亚纲,属性
稻瘿蚊,疾病名称,双翅目,属性,目,属性
稻瘿蚊,疾病名称,长角亚目,属性,亚目,属性
稻瘿蚊,疾病名称,瘿蚊科,属性,科,属性
稻瘿蚊,疾病名称,Orseoia,属性,属,属性
稻瘿蚊,疾病名称,稻瘿蚊,属性,种,属性
稻眼蝶,疾病名称,黄褐蛇目蝶,别名,别名,别名
稻眼蝶,疾病名称,日月蝶,别名,别名,别名
稻眼蝶,疾病名称,蛇目蝶,别名,别名,别名
稻眼蝶,疾病名称,短角眼蝶,别名,别名,别名
稻眼蝶,疾病名称,水稻稻眼蝶,属性,中文学名,属性
稻眼蝶,疾病名称,MycalesisgotamaMoore,属性,拉丁学名,属性
稻眼蝶,疾病名称,动物界,属性,界,属性
稻眼蝶,疾病名称,节肢动物门Arthropoda,属性,门,属性
稻眼蝶,疾病名称,昆虫纲Isecta,属性,纲,属性
稻眼蝶,疾病名称,鳞翅目,属性,目,属性
稻眼蝶,疾病名称,眼蝶科,属性,科,属性
稻眼蝶,疾病名称,分布在河南、陕西以南，四川、云南以东等。,属性,分布区域,属性
稻秆潜蝇,疾病名称,稻秆潜蝇,别名,别名,别名
稻秆潜蝇,疾病名称,稻秆蝇,属性,中文学名,属性
稻秆潜蝇,疾病名称,Chloropsoryzae,属性,拉丁学名,属性
稻秆潜蝇,疾病名称,动物界,属性,界,属性
稻秆潜蝇,疾病名称,昆虫纲,属性,纲,属性
稻秆潜蝇,疾病名称,双翅目,属性,目,属性
稻秆潜蝇,疾病名称,秆蝇科,属性,科,属性
稻秆潜蝇,疾病名称,分布于云南、四川、湖南、浙江、广东等省。日本、朝鲜也有分布。,属性,分布区域,属性
稻筒水螟,疾病名称,稻筒白螟,别名,别名,别名
稻筒水螟,疾病名称,稻筒螟,别名,别名,别名
稻筒水螟,疾病名称,水稻稻筒水螟,属性,中文学名,属性
稻筒水螟,疾病名称,NymphulafluctuosalisZeller,属性,拉丁学名,属性
稻筒水螟,疾病名称,动物界,属性,界,属性
稻筒水螟,疾病名称,鳞翅目,属性,目,属性
稻筒水螟,疾病名称,螟蛾科,属性,科,属性
稻筒水螟,疾病名称,福建、台湾、广东、广西、四川、云南、河南、宁夏、贵州等,属性,分布区域,属性
稻粒黑粉病,疾病名称,水稻粒黑粉病,属性,中文名,属性
稻粒黑粉病,疾病名称,稻粒黑粉病,别名,别名,别名
稻粒黑粉病,疾病名称,黑穗病,别名,别名,别名
稻粒黑粉病,疾病名称,稻墨黑穗病,别名,别名,别名
稻粒黑粉病,疾病名称,乌米谷,别名,别名,别名
稻粒黑粉病,疾病名称,狼尾草腥黑粉菌,属性,病原,属性
稻粒黑粉病,疾病名称,水稻,属性,为害作物,属性
稻粒黑粉病,疾病名称,穗部,属性,为害部位,属性
稻粒黑粉病,疾病名称,中国长江流域稻区,属性,分布区域,属性
稻纵卷叶螟,疾病名称,刮青虫,别名,别名,别名
稻纵卷叶螟,疾病名称,稻纵卷叶螟,属性,中文学名,属性
稻纵卷叶螟,疾病名称,Cnaphalocrocismedinalis,属性,拉丁学名,属性
稻纵卷叶螟,疾病名称,CnaphalocrocismedinalisGuenee,属性,二名法,属性
稻纵卷叶螟,疾病名称,动物界,属性,界,属性
稻纵卷叶螟,疾病名称,节肢动物门,属性,门,属性
稻纵卷叶螟,疾病名称,具颚亚门,属性,亚门,属性
稻纵卷叶螟,疾病名称,昆虫纲,属性,纲,属性
稻纵卷叶螟,疾病名称,鳞翅目,属性,目,属性
稻纵卷叶螟,疾病名称,螟蛾科,属性,科,属性
稻纵卷叶螟,疾病名称,稻纵卷叶螟,属性,种,属性
稻纵卷叶螟,疾病名称,黑龙江，内蒙古，台湾，海南,属性,分布区域,属性
稻绿蝽,疾病名称,稻青蝽,别名,别名,别名
稻绿蝽,疾病名称,水稻稻绿蝽,属性,中文学名,属性
稻绿蝽,疾病名称,Nezaraviridula(Linnaeus),属性,拉丁学名,属性
稻绿蝽,疾病名称,动物界,属性,界,属性
稻绿蝽,疾病名称,节肢动物门Arthropoda,属性,门,属性
稻绿蝽,疾病名称,昆虫纲Isecta,属性,纲,属性
稻绿蝽,疾病名称,半翅目,属性,目,属性
稻绿蝽,疾病名称,蝽科,属性,科,属性
稻绿蝽,疾病名称,中国东部吉林以南地区,属性,分布区域,属性
稻褐飞虱,疾病名称,水稻稻褐飞虱,属性,中文名,属性
稻褐飞虱,疾病名称,Nilaparvatalugens(Stdl),属性,拉丁学名,属性
稻褐飞虱,疾病名称,动物界,属性,界,属性
稻褐飞虱,疾病名称,节肢动物门,属性,门,属性
稻褐飞虱,疾病名称,六足亚门,属性,亚门,属性
稻褐飞虱,疾病名称,昆虫纲,属性,纲,属性
稻褐飞虱,疾病名称,有翅亚纲,属性,亚纲,属性
稻褐飞虱,疾病名称,同翅目,属性,目,属性
稻褐飞虱,疾病名称,头喙亚目,属性,亚目,属性
稻褐飞虱,疾病名称,飞虱科,属性,科,属性
稻褐飞虱,疾病名称,褐飞虱属,属性,属,属性
稻褐飞虱,疾病名称,水稻稻褐飞虱,属性,种,属性
稻赤斑沫蝉,疾病名称,雷火虫,别名,别名,别名
稻赤斑沫蝉,疾病名称,稻赤斑沫蝉,属性,中文学名,属性
稻赤斑沫蝉,疾病名称,Callitetixversicolor,属性,拉丁学名,属性
稻赤斑沫蝉,疾病名称,同翅目,属性,目,属性
稻赤斑沫蝉,疾病名称,沫蝉科,属性,科,属性
稻赤斑沫蝉,疾病名称,浙江、四川、河南等,属性,分布区域,属性
稻金翅夜蛾,疾病名称,金翅蛾,别名,别名,别名
稻金翅夜蛾,疾病名称,青虫,别名,别名,别名
稻金翅夜蛾,疾病名称,弓腰虫,别名,别名,别名
稻金翅夜蛾,疾病名称,水稻稻金翅夜蛾,属性,中文学名,属性
稻金翅夜蛾,疾病名称,Chrysaspidiafestucae(Linnaeus),属性,拉丁学名,属性
稻金翅夜蛾,疾病名称,动物界,属性,界,属性
稻金翅夜蛾,疾病名称,节肢动物门Arthropoda,属性,门,属性
稻金翅夜蛾,疾病名称,昆虫纲Isecta,属性,纲,属性
稻金翅夜蛾,疾病名称,鳞翅目,属性,目,属性
稻金翅夜蛾,疾病名称,夜蛾科,属性,科,属性
稻金翅夜蛾,疾病名称,分布在中国各稻区。,属性,分布区域,属性
稻黑蝽,疾病名称,稻黑蝽,属性,中文名,属性
稻黑蝽,疾病名称,Scotinopharalurida(Burmeister),属性,外文名,属性
稻黑蝽,疾病名称,半翅目，蝽科,属性,属性,属性
稻黑蝽,疾病名称,河北南部、山东和江苏北部,属性,分布,属性
稻黑蝽,疾病名称,水稻小麦、粟、玉米、甘蔗,属性,寄主,属性
稻黑蝽,疾病名称,8.5—10mm,属性,成虫体长,属性
稻黑蝽,疾病名称,75粒,属性,每雌产卵,属性
窄条斑病,疾病名称,水稻窄条斑病,属性,中文名,属性
窄条斑病,疾病名称,条叶枯病,别名,别名,别名
窄条斑病,疾病名称,褐条斑病,别名,别名,别名
窄条斑病,疾病名称,紫秆病,别名,别名,别名
窄条斑病,疾病名称,叶片、叶鞘、穗颈、枝梗、谷粒,属性,为害部位,属性
窄条斑病,疾病名称,水稻,属性,为害植物,属性
窄条斑病,疾病名称,盗尾孢,属性,病原,属性
紫鞘病,疾病名称,中华帚枝杆孢,属性,中文学名,属性
紫鞘病,疾病名称,SarocladiumsinenseChen，ZhangetFu.,属性,拉丁学名,属性
紫鞘病,疾病名称,真菌界,属性,界,属性
紫鞘病,疾病名称,半知菌亚门,属性,门,属性
纹枯病,疾病名称,水稻纹枯病,属性,中文名,属性
纹枯病,疾病名称,云纹病,别名,别名,别名
纹枯病,疾病名称,花足秆,别名,别名,别名
纹枯病,疾病名称,烂脚瘟,别名,别名,别名
纹枯病,疾病名称,眉目斑,别名,别名,别名
纹枯病,疾病名称,立枯丝核菌,属性,病原,属性
纹枯病,疾病名称,水稻,属性,为害作物,属性
纹枯病,疾病名称,叶鞘和叶片,属性,为害部位,属性
细菌性基腐病,疾病名称,水稻细菌性基腐病,属性,中文名,属性
细菌性基腐病,疾病名称,水稻,属性,危害作物,属性
细菌性基腐病,疾病名称,根节部和茎基部,属性,为害部位,属性
细菌性条斑病,疾病名称,水稻细菌性条斑病,属性,中文名,属性
细菌性条斑病,疾病名称,细条病,别名,别名,别名
细菌性条斑病,疾病名称,条斑病,别名,别名,别名
细菌性条斑病,疾病名称,叶片,属性,为害部位,属性
细菌性条斑病,疾病名称,水稻,属性,为害作物,属性
细菌性条斑病,疾病名称,稻生黄单胞杆菌稻细条斑致病变种,属性,病原,属性
细菌性褐斑病,疾病名称,水稻细菌性褐斑病,属性,中文名,属性
细菌性褐斑病,疾病名称,丁香假单胞菌丁香致病变种,属性,病原,属性
细菌性褐斑病,疾病名称,水稻,属性,为害作物,属性
细菌性褐斑病,疾病名称,叶片、叶鞘、茎、节、穗和谷粒,属性,为害部位,属性
细菌性褐条病,疾病名称,水稻细菌性褐条病,属性,中文名,属性
细菌性褐条病,疾病名称,细菌性心腐病,别名,别名,别名
细菌性褐条病,疾病名称,水稻,属性,危害作物,属性
细菌性褐条病,疾病名称,叶片或叶鞘,属性,为害部位,属性
细菌性褐条病,疾病名称,燕麦假单胞菌、丁香假单胞菌黍致病变种,属性,病原,属性
细菌性谷枯病,疾病名称,水稻细菌性谷枯病,属性,中文学名,属性
细菌性谷枯病,疾病名称,贵州省，台湾，日本,属性,分布区域,属性
细菌性谷枯病,疾病名称,水稻,属性,危害作物,属性
细菌性谷枯病,疾病名称,穗,属性,为害部位,属性
胡麻斑病,疾病名称,水稻胡麻斑病,属性,中文名,属性
胡麻斑病,疾病名称,胡麻叶枯病,别名,别名,别名
胡麻斑病,疾病名称,饥饿病,别名,别名,别名
胡麻斑病,疾病名称,稻平脐蠕孢,属性,病原,属性
胡麻斑病,疾病名称,水稻,属性,为害作物,属性
胡麻斑病,疾病名称,稻株地上部分,属性,为害部位,属性
花蓟马,疾病名称,水稻花蓟马,属性,中文名,属性
花蓟马,疾病名称,台湾蓟马,别名,别名,别名
花蓟马,疾病名称,Frankliniellaintonsa(Trybom),属性,拉丁学名,属性
花蓟马,疾病名称,FrankliniellaformosaeMoulton,属性,二名法,属性
花蓟马,疾病名称,动物界,属性,界,属性
花蓟马,疾病名称,节肢动物门,属性,门,属性
花蓟马,疾病名称,昆虫纲,属性,纲,属性
花蓟马,疾病名称,缨翅目,属性,目,属性
花蓟马,疾病名称,蓟马科,属性,科,属性
花蓟马,疾病名称,FrankliniellaformosaeMoulton,属性,异名,属性
菌核秆腐病,疾病名称,水稻菌核秆腐病,属性,中文名,属性
菌核秆腐病,疾病名称,Sclerotiniastemrotofrice,属性,外文名,属性
菌核秆腐病,疾病名称,稻卷芒双曲孢霉,属性,中文学名,属性
菌核秆腐病,疾病名称,Helminthosporiumsigmoideumvar.irregulareCrall.etTull.（=NakateaeirregulareHara）,属性,拉丁学名,属性
菌核秆腐病,疾病名称,真菌界,属性,界,属性
菌核秆腐病,疾病名称,半知菌亚门,属性,门,属性
菌核秆腐病,疾病名称,水稻,属性,危害作物,属性
菌核秆腐病,疾病名称,叶鞘和茎秆,属性,为害部位,属性
菲岛毛眼水蝇,疾病名称,菲岛毛眼水蝇,属性,中文名,属性
菲岛毛眼水蝇,疾病名称,HydrelliaphilippinaFerino,属性,拉丁学名,属性
菲岛毛眼水蝇,疾病名称,动物界,属性,界,属性
菲岛毛眼水蝇,疾病名称,昆虫纲,属性,纲,属性
菲岛毛眼水蝇,疾病名称,双翅目,属性,目,属性
菲岛毛眼水蝇,疾病名称,水蝇科,属性,科,属性
菲岛毛眼水蝇,疾病名称,rp00018,属性,记录号,属性
菲岛毛眼水蝇,疾病名称,水稻、茭白、野茭、李氏禾等。,属性,主要危害作物,属性
褐边螟,疾病名称,水稻褐边螟,属性,中文名,属性
褐边螟,疾病名称,CatagelaadjurellaWalk,属性,拉丁学名,属性
褐边螟,疾病名称,动物界,属性,界,属性
褐边螟,疾病名称,节肢动物门Arthropoda,属性,门,属性
褐边螟,疾病名称,昆虫纲Insecta,属性,纲,属性
褐边螟,疾病名称,鳞翅目,属性,目,属性
褐边螟,疾病名称,螟蛾料,属性,科,属性
褐边螟,疾病名称,黄河以南，南至广东、广西、云南，东临滨海，西达四川,属性,分布区域,属性
谷枯病,疾病名称,水稻谷枯病,属性,中文名,属性
谷枯病,疾病名称,水稻颖枯病,别名,别名,别名
谷枯病,疾病名称,颖枯病,别名,别名,别名
谷枯病,疾病名称,水稻,属性,为害作物,属性
谷枯病,疾病名称,谷粒,属性,为害部位,属性
谷枯病,疾病名称,谷枯叶点霉,属性,病原,属性
赤枯病,疾病名称,水稻赤枯病,属性,中文名,属性
赤枯病,疾病名称,铁锈病,别名,别名,别名
赤枯病,疾病名称,熬苗、坐蔸,属性,俗称,属性
赤枯病,疾病名称,缺钾和缺磷,属性,病因,属性
长绿飞虱,疾病名称,蠓飞子,别名,别名,别名
长绿飞虱,疾病名称,水稻长绿飞虱,属性,中文学名,属性
长绿飞虱,疾病名称,Saccharosydneprocerus(Mateumura),属性,拉丁学名,属性
长绿飞虱,疾病名称,动物界,属性,界,属性
长绿飞虱,疾病名称,节肢动物门Arthropoda,属性,门,属性
长绿飞虱,疾病名称,昆虫纲,属性,纲,属性
长绿飞虱,疾病名称,同翅目,属性,目,属性
长绿飞虱,疾病名称,飞虱科,属性,科,属性
长绿飞虱,疾病名称,吉林、江苏、江西、浙江、湖北、上海等茭白、水稻种植区,属性,分布区域,属性
长绿飞虱,疾病名称,蜘蛛、草蛉、瓢虫、青蛙等,属性,天敌,属性
霜霉病,疾病名称,大孢指疫霉水稻变种,属性,中文名,属性
霜霉病,疾病名称,SelerosporaMaerosporaSacc,属性,外文名,属性
霜霉病,疾病名称,水稻黄化萎缩病,别名,别名,别名
霜霉病,疾病名称,黄化萎缩病,别名,别名,别名
霜霉病,疾病名称,水稻,属性,为害作物,属性
霜霉病,疾病名称,叶片、叶鞘,属性,为害部位,属性
霜霉病,疾病名称,大孢指疫霉水稻变种,属性,病原,属性
青枯病,疾病名称,水稻青枯病,属性,中文名,属性
青枯病,疾病名称,叶片内卷萎蔫，呈失水状，青灰色，茎秆干瘪收缩，或齐泥倒伏，谷壳青灰色，成为秕谷,属性,常见症状,属性
高温热害,疾病名称,水稻高温热害,属性,中文名,属性
高温热害,疾病名称,在水稻抽穗结实期,属性,时期,属性
高温热害,疾病名称,水稻结实率下降,属性,症状,属性
高温热害,疾病名称,高温对水稻植株的损害,属性,病因,属性
黄叶病,疾病名称,水稻黄叶病,属性,中文名,属性
黄叶病,疾病名称,Ricetransitoryyellowingvirus,属性,外文名,属性
黄叶病,疾病名称,病毒,属性,属,属性
黄叶病,疾病名称,病毒粒体呈子弹状或杆菌状,属性,状态,属性
黄叶病,疾病名称,120-140×96(nm),属性,大小,属性
黄叶病,疾病名称,细胞核内外膜间细胞核和细胞质中,属性,分布范围,属性
黄萎病,疾病名称,水稻黄萎病,属性,中文名,属性
黄萎病,疾病名称,Mycoplasma-likeorganism,属性,外文名,属性
黄萎病,疾病名称,类菌原体,属性,病原,属性
黄萎病,疾病名称,分蘖增多，簇生,属性,主要表现,属性
黄萎病,疾病名称,传染病,属性,类别,属性
黄萎病,疾病名称,80-80nm,属性,大小,属性
黄萎病,疾病名称,偏嗜黄萎病株,属性,习性,属性
黄萎病,疾病名称,89.3%,属性,传毒率,属性
黑条矮缩病,疾病名称,水稻黑条矮缩病,属性,中文名,属性
黑条矮缩病,疾病名称,riceblack-streakeddwarfdisease,属性,外文名,属性
黑条矮缩病,疾病名称,矮稻,别名,别名,别名
黑条矮缩病,疾病名称,水稻黑条矮缩病毒（RBSDV）,属性,病原,属性
黑条矮缩病,疾病名称,水稻,属性,为害作物,属性
黑条矮缩病,疾病名称,叶片、叶鞘、茎秆,属性,为害部位,属性
齿矮病,疾病名称,齿矮病,属性,中文名,属性
齿矮病,疾病名称,裂叶矮缩病,属性,又称,属性
齿矮病,疾病名称,广东、福建、台湾等省,属性,分布,属性
齿矮病,疾病名称,健株1/2,属性,株高,属性
丝核菌穗腐病,疾病名称,玉米丝核菌穗腐病,属性,中文名,属性
丝核菌穗腐病,疾病名称,RhizoctoniasolaniKühn,属性,拉丁学名,属性
丝核菌穗腐病,疾病名称,半知菌类、丝孢纲、无孢目、无孢科、丝核菌属,属性,病原分类地位,属性
丝核菌穗腐病,疾病名称,真菌,属性,类型,属性
丝核菌穗腐病,疾病名称,玉米,属性,主要危害作物,属性
丝核菌穗腐病,疾病名称,果穗,属性,主要为害部位,属性
丝核菌穗腐病,疾病名称,种子、植物病残体,属性,传播因子,属性
低温障碍,疾病名称,玉米低温障碍,属性,中文名,属性
低温障碍,疾病名称,Cornlowbarriers,属性,外文名,属性
低温障碍,疾病名称,玉米病症,属性,性质,属性
低温障碍,疾病名称,温度过低,属性,病因,属性
低温障碍,疾病名称,玉米,属性,适用对象,属性
低温障碍,疾病名称,覆盖地膜栽培法,属性,解决办法,属性
全蚀病,疾病名称,玉米全蚀病,属性,中文名,属性
全蚀病,疾病名称,辽宁、山东等省,属性,源于,属性
全蚀病,疾病名称,长椭圆形栗褐色病斑,属性,症状,属性
全蚀病,疾病名称,病毒,属性,属性,属性
全蚀病,疾病名称,土壤中存活3年,属性,病苗,属性
叶鞘紫班病,疾病名称,玉米壳二孢,属性,中文学名,属性
叶鞘紫班病,疾病名称,AscochytazeaeStout,属性,拉丁学名,属性
叶鞘紫班病,疾病名称,真菌界,属性,界,属性
叶鞘紫班病,疾病名称,半知菌亚门,属性,亚门,属性
圆斑病,疾病名称,玉米圆斑病,属性,中文名,属性
圆斑病,疾病名称,果穗、苞叶、叶片、叶鞘,属性,为害部位,属性
圆斑病,疾病名称,玉米,属性,为害作物,属性
圆斑病,疾病名称,玉米圆斑离蠕孢菌,属性,病原,属性
条纹矮缩病,疾病名称,玉米条纹矮缩病,属性,中文名,属性
条纹矮缩病,疾病名称,玉米条矮病,别名,别名,别名
条纹矮缩病,疾病名称,玉米,属性,主要危害作物,属性
条纹矮缩病,疾病名称,茎,属性,主要为害部位,属性
空秆,疾病名称,玉米空秆,属性,中文名,属性
空秆,疾病名称,严重达到50％～60％,属性,空秆率,属性
空秆,疾病名称,自身因素，气候因素等,属性,出现因素,属性
空秆,疾病名称,合理密植，平衡施肥等,属性,对策,属性
粗缩病,疾病名称,玉米粗缩病,属性,中文名,属性
粗缩病,疾病名称,Maizeroughdwarf,属性,外文名,属性
粗缩病,疾病名称,玉米粗缩病毒,属性,病原,属性
粗缩病,疾病名称,玉米,属性,为害植物,属性
粗缩病,疾病名称,叶片、叶鞘、苞叶、根和茎部等,属性,为害部位,属性
红叶病,疾病名称,玉米红叶病,属性,中文名,属性
红叶病,疾病名称,病毒,属性,病害类型,属性
红叶病,疾病名称,叶片,属性,主要为害部位,属性
细菌性条纹病,疾病名称,玉米细菌性条纹病,属性,中文名,属性
细菌性条纹病,疾病名称,细菌,属性,类型,属性
细菌性条纹病,疾病名称,叶片、叶鞘,属性,主要为害部位,属性
细菌性条纹病,疾病名称,Pseudomonasandropogonis（E.F.Smith.）Stapp.,属性,病原拉丁学名,属性
细菌性条纹病,疾病名称,除侵染玉米外，还可侵染高粱、豆科、咖啡等,属性,主要危害作物,属性
细菌萎蔫病,疾病名称,玉米细菌萎蔫病,属性,中文学名,属性
细菌萎蔫病,疾病名称,玉米细菌性叶枯病、斯氏细菌枯萎病、斯氏叶枯病、玉米欧氏菌萎蔫病,属性,拉丁学名,属性
细菌萎蔫病,疾病名称,玉米,属性,危害作物,属性
细菌萎蔫病,疾病名称,维管束,属性,为害部位,属性
赤霉病,疾病名称,玉米赤霉病,属性,中文名,属性
赤霉病,疾病名称,Fusariumavenaceum（Fr.）Sacc.,属性,拉丁学名,属性
赤霉病,疾病名称,半知菌亚门真菌,属性,病原分类地位,属性
赤霉病,疾病名称,真菌,属性,病害类型,属性
赤霉病,疾病名称,除侵染玉米外，还可侵染小麦、大麦、燕麦、水稻、谷子等禾本科植物,属性,主要危害作物,属性
赤霉病,疾病名称,果穗,属性,主要为害部位,属性
镰刀菌穗粒腐病,疾病名称,玉米镰刀菌穗粒腐病,属性,中文名,属性
镰刀菌穗粒腐病,疾病名称,玉米,属性,主要危害作物,属性
镰刀菌穗粒腐病,疾病名称,果穗,属性,主要为害部位,属性
青霉穗腐病,疾病名称,草酸青霉,属性,中文学名,属性
青霉穗腐病,疾病名称,Penicilliumoxalicum,属性,拉丁学名,属性
青霉穗腐病,疾病名称,Penicilliumoxalicum,属性,二名法,属性
青霉穗腐病,疾病名称,植物病害防治，微生物发酵,属性,应用范围,属性
高温干旱,疾病名称,玉米高温干旱,属性,中文名,属性
高温干旱,疾病名称,缺少水分,属性,原因,属性
高温干旱,疾病名称,玉米,属性,作物,属性
高温干旱,疾病名称,兴修水利,属性,防治方法,属性
万年青炭疽病,疾病名称,药用植物万年青炭疽病,属性,中文名,属性
万年青炭疽病,疾病名称,斩蛇剑,别名,别名,别名
万年青炭疽病,疾病名称,冬不凋草,别名,别名,别名
万年青炭疽病,疾病名称,Rohdeajaponica(Thunb．),属性,中文学名,属性
万年青炭疽病,疾病名称,植物病,属性,类别,属性
三七根结线虫病,疾病名称,根结线虫,属性,中文学名,属性
三七根结线虫病,疾病名称,MeloidogyneincognitaChitwood,属性,拉丁学名,属性
三七根结线虫病,疾病名称,动物界,属性,界,属性
三七根结线虫病,疾病名称,垫刃目,属性,目,属性
三七根结线虫病,疾病名称,垫刃亚目,属性,亚目,属性
三七根结线虫病,疾病名称,异皮科,属性,科,属性
三七根结线虫病,疾病名称,根结线虫属,属性,属,属性
三七根结线虫病,疾病名称,欧洲、非洲、中南美洲、北美洲等,属性,分布区域,属性
丝瓜根结钱虫病,疾病名称,药用植物丝瓜根结钱虫病,属性,中文名,属性
丝瓜根结钱虫病,疾病名称,病原线虫雌雄异形幼虫细长蠕虫状,属性,病因原理,属性
丝瓜根结钱虫病,疾病名称,幼虫随病残体遗留在土壤中越冬,属性,发病条件,属性
丝瓜根结钱虫病,疾病名称,保护地前茬收获后及时清除病残体,属性,防治方法,属性
丝瓜根结钱虫病,疾病名称,植株发黄矮小,属性,基本症状,属性
丝瓜轮纹斑病,疾病名称,药用植物丝瓜轮纹斑病,属性,中文名,属性
丝瓜轮纹斑病,疾病名称,丝瓜,属性,主要危害作物,属性
丝瓜轮纹斑病,疾病名称,叶片,属性,主要为害部位,属性
仙人掌炭疽病,疾病名称,药用植物仙人掌炭疽病,属性,中文名,属性
仙人掌炭疽病,疾病名称,仙人掌炭疽菌,别名,别名,别名
仙人掌炭疽病,疾病名称,仙人掌长圆孢盘菌,别名,别名,别名
仙人掌炭疽病,疾病名称,药用植物仙人掌,属性,主要危害作物,属性
佛手菌核病,疾病名称,药用植物佛手菌核病,属性,中文名,属性
佛手菌核病,疾病名称,佛手柑,别名,别名,别名
佛手菌核病,疾病名称,CitrusmedicaL．,属性,中文学名,属性
佛手菌核病,疾病名称,植物病,属性,类别,属性
佩兰白绢病,疾病名称,药用植物佩兰白绢病,属性,中文名,属性
佩兰白绢病,疾病名称,佩兰,属性,主要危害作物,属性
佩兰白绢病,疾病名称,全株枯死，叶萎凋等,属性,病症,属性
冬珊瑚叶霉病,疾病名称,药用植物冬珊瑚叶霉病,属性,中文名,属性
冬珊瑚叶霉病,疾病名称,半知菌亚门真菌,属性,类型,属性
冬珊瑚叶霉病,疾病名称,冬珊瑚,属性,主要危害作物,属性
凤仙花白粉病,疾病名称,药用植物凤仙花白粉病,属性,中文名,属性
凤仙花白粉病,疾病名称,凤仙花,属性,主要危害作物,属性
凤仙花白粉病,疾病名称,茎、叶、花和果,属性,主要为害部位,属性
凤仙花白粉病,疾病名称,通风不良,属性,发病条件,属性
北沙参黄化病,疾病名称,药用植物北沙参黄化病,属性,中文名,属性
北沙参黄化病,疾病名称,褪绿病,别名,别名,别名
北沙参黄化病,疾病名称,缺铁,属性,病因原理,属性
北沙参黄化病,疾病名称,施足腐熟有机肥等,属性,防治方法,属性
地黄疫病,疾病名称,药用植物地黄疫病,属性,中文名,属性
地黄疫病,疾病名称,植物病,属性,类别,属性
地黄疫病,疾病名称,Rehmanniaglutinosa,属性,中文学名,属性
地黄疫病,疾病名称,Phytophthoracactorμm,属性,病因原理,属性
地黄轮纹病,疾病名称,药用植物地黄轮纹病,属性,中文名,属性
地黄轮纹病,疾病名称,植物病,属性,类别,属性
地黄轮纹病,疾病名称,叶片，病斑圆形或近圆形,属性,主要为害,属性
地黄轮纹病,疾病名称,黄壳二孢,属性,病因原理,属性
天南星花叶病毒病,疾病名称,药用植物天南星花叶病毒病,属性,中文名,属性
天南星花叶病毒病,疾病名称,用块茎繁殖的天南星,属性,发病条件,属性
天南星花叶病毒病,疾病名称,蚜虫传毒,属性,传播,属性
天南星花叶病毒病,疾病名称,花叶、不规则褪绿或出现黄色条斑,属性,基本概况,属性
太子参花叶病,疾病名称,药用植物太子参花叶病,属性,中文名,属性
太子参花叶病,疾病名称,太子参,属性,主要危害作物,属性
太子参花叶病,疾病名称,叶片,属性,主要为害部位,属性
太子参花叶病,疾病名称,山东、江苏、安徽等省,属性,分布,属性
女贞叶斑病,疾病名称,桢木,别名,别名,别名
女贞叶斑病,疾病名称,冬青,别名,别名,别名
女贞叶斑病,疾病名称,蜡树,别名,别名,别名
女贞叶斑病,疾病名称,药用植物女贞叶斑病,属性,中文学名,属性
女贞叶斑病,疾病名称,LigustrumlucidumAit,属性,拉丁学名,属性
女贞叶斑病,疾病名称,植物界,属性,界,属性
姜眼斑病,疾病名称,药用植物姜眼斑病,属性,中文名,属性
姜眼斑病,疾病名称,半知菌亚门,属性,病原分类地位,属性
姜眼斑病,疾病名称,真菌,属性,类型,属性
姜眼斑病,疾病名称,生姜,属性,主要危害作物,属性
小檗白粉病,疾病名称,药用植物小檗白粉病,属性,中文名,属性
小檗白粉病,疾病名称,囊菌亚门,属性,病原分类地位,属性
小檗白粉病,疾病名称,真菌,属性,类型,属性
小檗白粉病,疾病名称,小檗,属性,主要危害作物,属性
小茴香猝倒病,疾病名称,药用植物小茴香猝倒病,属性,中文名,属性
小茴香猝倒病,疾病名称,小茴香,属性,主要危害作物,属性
小茴香猝倒病,疾病名称,茎,属性,主要为害部位,属性
山茱萸角斑病,疾病名称,药用植物山茱萸角斑病,属性,中文名,属性
山茱萸角斑病,疾病名称,叶片和果实,属性,主要为害,属性
山茱萸角斑病,疾病名称,Ramulariasp.,属性,病因原理,属性
山茱萸角斑病,疾病名称,植物病,属性,类别,属性
山药斑纹病,疾病名称,药用植物山药斑纹病,属性,中文名,属性
山药斑纹病,疾病名称,山药白涩病,属性,又称,属性
山药斑纹病,疾病名称,叶片和蔓,属性,主要为害部位,属性
山药斑纹病,疾病名称,实行轮作，避免连作等,属性,防治方法,属性
山药红斑病,疾病名称,药用植物山药红斑病,属性,中文名,属性
山药红斑病,疾病名称,山药,属性,主要危害作物,属性
山药红斑病,疾病名称,块茎,属性,主要为害部位,属性
山药红斑病,疾病名称,由线虫引起,属性,发病根源,属性
山药红斑病,疾病名称,影响块茎发育，块茎小、重量轻,属性,影响,属性
山药薯蓣色链隔孢褐斑病,疾病名称,药用植物山药薯蓣色链隔孢褐斑病,属性,中文名,属性
山药薯蓣色链隔孢褐斑病,疾病名称,灰斑病,别名,别名,别名
山药薯蓣色链隔孢褐斑病,疾病名称,山药薯,属性,主要危害作物,属性
山药薯蓣色链隔孢褐斑病,疾病名称,叶,属性,主要为害部位,属性
山药镰孢褐腐病,疾病名称,药用植物山药镰孢褐腐病,属性,中文名,属性
山药镰孢褐腐病,疾病名称,山药,属性,主要危害作物,属性
巴天酸模白霉病,疾病名称,药用植物巴天酸模白霉病,属性,中文名,属性
巴天酸模白霉病,疾病名称,巴天酸模,属性,主要危害作物,属性
巴天酸模白霉病,疾病名称,叶片,属性,主要为害部位,属性
木瓜锈病,疾病名称,药用植物木瓜锈病,属性,中文名,属性
木瓜锈病,疾病名称,贴梗海棠,别名,别名,别名
木瓜锈病,疾病名称,贴梗木瓜,别名,别名,别名
木瓜锈病,疾病名称,铁脚梨,别名,别名,别名
木瓜锈病,疾病名称,木瓜,属性,主要危害作物,属性
木瓜锈病,疾病名称,叶片、叶柄、嫩枝及幼果,属性,主要为害部位,属性
木瓜锈病,疾病名称,舒筋活络、和胃化湿,属性,功效,属性
杨梅癌肿病,疾病名称,药用植物杨梅癌肿病,属性,中文名,属性
杨梅癌肿病,疾病名称,Pseudomonassyringaepv.myricaeC.Ogimi,属性,拉丁学名,属性
杨梅癌肿病,疾病名称,枝干,属性,主要为害部位,属性
板蓝根黑斑病,疾病名称,药用植物板蓝根黑斑病,属性,中文名,属性
板蓝根黑斑病,疾病名称,半知菌亚门,属性,病原分类地位,属性
板蓝根黑斑病,疾病名称,真菌,属性,类型,属性
板蓝根黑斑病,疾病名称,板蓝根,属性,主要危害作物,属性
枣疯病,疾病名称,药用植物枣疯病,属性,中文名,属性
枣疯病,疾病名称,药用植物,属性,主要危害作物,属性
枣疯病,疾病名称,芽,属性,主要为害部位,属性
枣锈病,疾病名称,叶面呈花叶状，后渐变为灰色，失去光泽,属性,常见症状,属性
枣锈病,疾病名称,无传染性,属性,传染性,属性
枣锈病,疾病名称,药用植物枣锈病,属性,西医学名,属性
枣锈病,疾病名称,否,属性,是否纳入医保,属性
枸杞根腐病,疾病名称,药用植物枸杞根腐病,属性,中文名,属性
枸杞根腐病,疾病名称,植物病,属性,类别,属性
枸杞根腐病,疾病名称,根茎部和根部,属性,主要为害,属性
枸杞根腐病,疾病名称,茄类镰孢,属性,病因原理,属性
枸杞炭疽病,疾病名称,药用植物枸杞炭疽病,属性,中文名,属性
枸杞炭疽病,疾病名称,黑果病,别名,别名,别名
枸杞炭疽病,疾病名称,青果,属性,主要危害作物,属性
枸杞炭疽病,疾病名称,枝、叶、花,属性,主要为害部位,属性
柿圆斑病,疾病名称,药用植物柿圆斑病,别名,别名,别名
柿圆斑病,疾病名称,叶片等,属性,常见发病部位,属性
柿圆斑病,疾病名称,早期落叶，柿果提早变红,属性,常见症状,属性
柿圆斑病,疾病名称,柿叶球腔菌等,属性,病原,属性
栀子孢绿病,疾病名称,黄化病,别名,别名,别名
栀子孢绿病,疾病名称,茎叶,属性,常见发病部位,属性
栀子孢绿病,疾病名称,由于线虫、细菌类、病毒、支原体（Mycoplasma）等病原体而引起的疾病,属性,常见病因,属性
栀子孢绿病,疾病名称,出现黄化或黄绿化的现象,属性,常见症状,属性
桃褐斑病,疾病名称,药用植物桃褐斑病,属性,中文名,属性
桃褐斑病,疾病名称,半知菌亚门,属性,病原分类地位,属性
桃褐斑病,疾病名称,真菌,属性,类型,属性
桃褐斑病,疾病名称,叶片,属性,主要为害部位,属性
梅疮痂病,疾病名称,药用植物梅疮痂病,属性,中文名,属性
梅疮痂病,疾病名称,CladosporiumcarpophilumThueml,属性,拉丁学名,属性
梅疮痂病,疾病名称,果实,属性,主要为害部位,属性
槐树白粉病,疾病名称,药用植物槐树白粉病,属性,中文名,属性
槐树白粉病,疾病名称,不详,属性,外文名,属性
槐树白粉病,疾病名称,一种植物疾病,属性,说明,属性
槐树白粉病,疾病名称,植物学,属性,学科,属性
槐树白粉病,疾病名称,注意剪去病枝、病芽,属性,修剪,属性
款冬白绢病,疾病名称,药用植物款冬白绢病,属性,中文名,属性
款冬白绢病,疾病名称,不详,属性,外文名,属性
款冬白绢病,疾病名称,植物疾病,属性,说明,属性
款冬白绢病,疾病名称,南方桑树栽培区,属性,易发地区,属性
油松立枯病,疾病名称,药用植物油松立枯病,属性,中文名,属性
油松立枯病,疾病名称,植物病,属性,类别,属性
油松立枯病,疾病名称,Thizoctoniasolanikuhn,属性,病因原理,属性
油松立枯病,疾病名称,苗期,属性,主要病害时期,属性
泡桐丛枝病,疾病名称,药用植物泡桐丛枝病,属性,中文名,属性
泡桐丛枝病,疾病名称,Pau10wniafortunei(Seem．)Hemsl,属性,外文名,属性
泡桐丛枝病,疾病名称,严重的病株当年枯死,属性,基本症状,属性
泡桐丛枝病,疾病名称,主要靠茶翅蝽传毒,属性,发病条件,属性
牛蒡细菌叶斑病,疾病名称,药用植物牛蒡细菌叶斑病,属性,中文名,属性
牛蒡细菌叶斑病,疾病名称,细菌性黑斑病,别名,别名,别名
牛蒡细菌叶斑病,疾病名称,牛蒡,属性,主要危害作物,属性
牛蒡细菌叶斑病,疾病名称,叶片、叶柄,属性,主要为害部位,属性
牛蒡黑斑病,疾病名称,药用植物牛蒡黑斑病,属性,中文名,属性
牛蒡黑斑病,疾病名称,PhyllostictalappaeSacc．,属性,拉丁学名,属性
牛蒡黑斑病,疾病名称,药用植物,属性,主要危害作物,属性
牡丹灰霉病,疾病名称,药用植物牡丹灰霉病,属性,中文名,属性
牡丹灰霉病,疾病名称,牡丹,属性,危害植物,属性
牡丹疫病,疾病名称,药用植物牡丹疫病,属性,中文名,属性
牡丹疫病,疾病名称,Phytophthoracactorum(LetCohn)Schrot．,属性,拉丁学名,属性
牡丹疫病,疾病名称,茎、叶、芽,属性,主要为害部位,属性
猕猴桃叶斑病,疾病名称,药用植物猕猴桃叶斑病,属性,中文名,属性
猕猴桃叶斑病,疾病名称,植物病,属性,类别,属性
猕猴桃叶斑病,疾病名称,叶片,属性,主要为害,属性
猕猴桃叶斑病,疾病名称,Cercosporaiteodaphnes,属性,病因原理,属性
番木瓜霜疫病,疾病名称,药用植物番木瓜霜疫病,属性,中文名,属性
番石榴褐斑病,疾病名称,药用植物番石榴褐斑病,属性,中文名,属性
番石榴褐斑病,疾病名称,半知菌亚门,属性,病原分类地位,属性
番石榴褐斑病,疾病名称,真菌,属性,类型,属性
番石榴褐斑病,疾病名称,番石榴,属性,主要危害作物,属性
白扁豆炭疽病,疾病名称,药用植物白扁豆炭疽病,属性,中文名,属性
白扁豆炭疽病,疾病名称,南豆花,别名,别名,别名
白扁豆锈病,疾病名称,药用植物白扁豆锈病,属性,中文名,属性
白扁豆锈病,疾病名称,白扁豆,属性,主要危害作物,属性
白扁豆锈病,疾病名称,叶片、叶柄、茎及荚,属性,主要为害部位,属性
白芍叶霉病,疾病名称,药用植物白芍叶霉病,属性,中文名,属性
白芍叶霉病,疾病名称,叶片,属性,主要为害部位,属性
白花曼陀罗灰斑病,疾病名称,药用植物白花曼陀罗灰斑病,属性,中文名,属性
白花曼陀罗灰斑病,疾病名称,主要为害叶片，叶上病斑近圆形,属性,基本概况,属性
白花曼陀罗灰斑病,疾病名称,颠茄尾孢,属性,病因原理,属性
白花曼陀罗灰斑病,疾病名称,风雨传播引起初侵染和再侵染,属性,发病条件,属性
白花曼陀罗轮纹病,疾病名称,药用植物白花曼陀罗轮纹病,属性,中文名,属性
白花曼陀罗轮纹病,疾病名称,AscochytadaturaeSacc,属性,拉丁学名,属性
白花曼陀罗轮纹病,疾病名称,叶片和蒴果,属性,主要为害部位,属性
百合叶枯病,疾病名称,药用植物百合叶枯病,属性,中文名,属性
百合叶枯病,疾病名称,植物病,属性,类别,属性
百合叶枯病,疾病名称,LiliumbrowniiF.E.Brown,属性,中文学名,属性
百合叶枯病,疾病名称,椭圆葡萄孢,属性,病因原理,属性
百合基腐病,疾病名称,药用植物百合基腐病,属性,中文名,属性
百合基腐病,疾病名称,半知菌亚门,属性,病原分类地位,属性
百合基腐病,疾病名称,真菌,属性,类型,属性
百合疫病,疾病名称,药用植物百合疫病,属性,中文名,属性
百合疫病,疾病名称,百合,属性,主要危害作物,属性
百合疫病,疾病名称,茎、叶、花、鳞片和球根,属性,主要为害部位,属性
百合病毒病,疾病名称,药用植物百合病毒病,属性,中文名,属性
百合病毒病,疾病名称,Lilyvirusdiseasesofmedicinalplants,属性,外文名,属性
百合病毒病,疾病名称,植物名词,属性,类别,属性
百合病毒病,疾病名称,百合,属性,对象,属性
百合病毒病,疾病名称,Yàoyòngzhíwùbăihébìngdúbìng,属性,词条拼音名称,属性
百合病毒病,疾病名称,偏正名词词组,属性,词条性质,属性
百合病毒病,疾病名称,植物名词，经济作物名词，农用药用名词,属性,词条类别,属性
百合细菌性软腐病,疾病名称,药用植物百合细菌性软腐病,属性,中文名,属性
百合细菌性软腐病,疾病名称,植物病,属性,类别,属性
百合细菌性软腐病,疾病名称,胡萝卜软腐欧文氏菌,属性,病因原理,属性
百合细菌性软腐病,疾病名称,鳞茎,属性,症状为害,属性
益智轮绞褐斑病,疾病名称,药用植物益智轮绞褐斑病,属性,中文名,属性
益智轮绞褐斑病,疾病名称,AlpiniaoxyphyllaMiq,属性,中文学名,属性
益智轮绞褐斑病,疾病名称,囊菌亚门真菌,属性,病因原理,属性
益智轮绞褐斑病,疾病名称,植物病,属性,类别,属性
石楠红斑病,疾病名称,药用植物石楠红斑病,属性,中文名,属性
石楠红斑病,疾病名称,千年红,别名,别名,别名
石楠红斑病,疾病名称,笔树,别名,别名,别名
石楠红斑病,疾病名称,石眼树,别名,别名,别名
石楠红斑病,疾病名称,植物病,属性,类别,属性
石楠红斑病,疾病名称,PhotiniaserrulataLindl.,属性,学名,属性
石榴干腐病,疾病名称,药用植物石榴干腐病,属性,中文名,属性
石榴干腐病,疾病名称,石榴,属性,主要危害作物,属性
石榴干腐病,疾病名称,花、花梗、果实,属性,主要为害部位,属性
紫苏锈病,疾病名称,药用植物紫苏锈病,属性,中文名,属性
紫苏锈病,疾病名称,紫苏,属性,学 名,属性
紫苏锈病,疾病名称,植物病,属性,类别,属性
紫苏锈病,疾病名称,紫苏鞘锈菌,属性,病因原理,属性
红花炭疽病,疾病名称,药用植物红花炭疽病,属性,中文名,属性
红花炭疽病,疾病名称,烂颈瘟,别名,别名,别名
红花炭疽病,疾病名称,囊菌亚门,属性,病原分类地位,属性
红花炭疽病,疾病名称,真菌,属性,类型,属性
红花炭疽病,疾病名称,叶片、茎部,属性,主要为害部位,属性
美人蕉瘟病,疾病名称,药用植物美人蕉瘟病,属性,中文名,属性
美人蕉瘟病,疾病名称,半知菌亚门,属性,病原分类地位,属性
美人蕉瘟病,疾病名称,真门,属性,类型,属性
美人蕉瘟病,疾病名称,美人蕉,属性,主要危害作物,属性
肉桂叶枯病,疾病名称,药用植物肉桂叶枯病,属性,中文名,属性
肉桂叶枯病,疾病名称,肉桂,属性,主要危害作物,属性
肉桂叶枯病,疾病名称,叶片,属性,主要为害部位,属性
胡椒镰刀菌枯萎病,疾病名称,药用植物胡椒镰刀菌枯萎病,属性,中文名,属性
胡椒黄化病,疾病名称,药用植物胡椒黄化病,属性,中文名,属性
胡椒黄化病,疾病名称,PipernmigrumL,属性,外文名,属性
胡椒黄化病,疾病名称,在广东、广西、云南等省,属性,分布,属性
胡椒黄化病,疾病名称,温中散寒、理气止痛,属性,功能,属性
臭椿白粉病,疾病名称,棒根皮,别名,别名,别名
臭椿白粉病,疾病名称,凤眼草,别名,别名,别名
臭椿白粉病,疾病名称,樗根皮等,别名,别名,别名
臭椿白粉病,疾病名称,药用植物臭椿白粉病,属性,中文学名,属性
臭椿白粉病,疾病名称,燥湿清热、止泻、止血,属性,功效,属性
艾白粉病,疾病名称,药用植物艾白粉病,属性,中文名,属性
艾白粉病,疾病名称,AtemisiaargyiLevl.etVant,属性,外文名,属性
艾白粉病,疾病名称,艾蒿,别名,别名,别名
艾白粉病,疾病名称,主要为害叶片、叶柄和茎,属性,基本症状,属性
芦笋灰霉病,疾病名称,药用植物芦笋灰霉病,属性,中文名,属性
芦笋灰霉病,疾病名称,幼笋,属性,对象,属性
芦笋灰霉病,疾病名称,植株开花期,属性,容易染病期,属性
芦笋灰霉病,疾病名称,疾病,属性,类型,属性
芫荽菌核病,疾病名称,药用植物芫荽菌核病,属性,中文名,属性
芫荽菌核病,疾病名称,胡荽,别名,别名,别名
芫荽菌核病,疾病名称,香菜,别名,别名,别名
芫荽菌核病,疾病名称,香荽,别名,别名,别名
芫荽菌核病,疾病名称,延荽,别名,别名,别名
芫荽菌核病,疾病名称,植物病,属性,类别,属性
芫荽菌核病,疾病名称,CoriandrumsativumL,属性,学 名,属性
芭蕉炭疽病,疾病名称,药用植物芭蕉炭疽病,属性,中文名,属性
芭蕉炭疽病,疾病名称,芭蕉头,别名,别名,别名
芭蕉炭疽病,疾病名称,牙蕉,别名,别名,别名
芭蕉炭疽病,疾病名称,板蕉,别名,别名,别名
芭蕉炭疽病,疾病名称,MusabasjooSieb．etzucc．,属性,中文学名,属性
芭蕉炭疽病,疾病名称,清热解毒、利尿消肿、凉血,属性,功效,属性
苏铁斑点病,疾病名称,药用植物苏铁斑点病,属性,中文名,属性
苏铁斑点病,疾病名称,半知菌亚门真菌,属性,类型,属性
苏铁斑点病,疾病名称,苏铁,属性,主要危害作物,属性
苦瓜白粉病,疾病名称,药用植物苦瓜白粉病,属性,中文名,属性
苦瓜白粉病,疾病名称,苦瓜,属性,主要危害作物,属性
苦瓜白粉病,疾病名称,叶片,属性,主要为害部位,属性
草木樨白粉病,疾病名称,药用植物草木樨白粉病,属性,中文名,属性
草木樨白粉病,疾病名称,草木梅,属性,主要危害作物,属性
草木樨白粉病,疾病名称,叶片,属性,主要为害部位,属性
莲褐纹病,疾病名称,黑斑病,属性,中文名,属性
莲褐纹病,疾病名称,blackspot,属性,外文名,属性
莲褐纹病,疾病名称,植物病害,属性,类别,属性
莲褐纹病,疾病名称,潮湿季节,属性,侵染发生季节,属性
菊花灰霉病,疾病名称,药用植物菊花灰霉病,属性,中文名,属性
菊花灰霉病,疾病名称,菊花,属性,主要危害作物,属性
菠萝灰斑病,疾病名称,药用植物菠萝灰斑病,属性,中文名,属性
菠萝灰斑病,疾病名称,不详,属性,外文名,属性
菠萝灰斑病,疾病名称,植物学,属性,学科,属性
菠萝灰斑病,疾病名称,一种植物疾病,属性,说明,属性
萱草炭疽病,疾病名称,药用植物萱草炭疽病,属性,中文名,属性
萱草炭疽病,疾病名称,Colletotrichumdematium(Pers．)Grove,属性,拉丁学名,属性
萱草炭疽病,疾病名称,叶片,属性,主要为害部位,属性
葫芦果斑病,疾病名称,药用植物葫芦果斑病,属性,中文名,属性
葫芦果斑病,疾病名称,称亚膜茎点霉,属性,拉丁学名,属性
葫芦果斑病,疾病名称,半知菌亚门真菌,属性,病原分类地位,属性
葫芦果斑病,疾病名称,果实,属性,主要为害部位,属性
蕹菜猝倒病,疾病名称,药用植物蕹菜猝倒病,属性,中文名,属性
蕹菜猝倒病,疾病名称,蕹菜,属性,主要危害作物,属性
蕺菜白绢病,疾病名称,药用植物蕺菜白绢病,属性,中文名,属性
蕺菜白绢病,疾病名称,半知菌亚门,属性,病原分类地位,属性
蕺菜白绢病,疾病名称,真菌,属性,类型,属性
蕺菜白绢病,疾病名称,蕺菜,属性,主要危害作物,属性
薄荷病毒病,疾病名称,药用植物薄荷病毒病,属性,中文名,属性
薄荷病毒病,疾病名称,薄荷,属性,主要危害作物,属性
薄荷病毒病,疾病名称,花叶,属性,主要为害部位,属性
薄荷白粉病,疾病名称,药用植物薄荷白粉病,属性,中文名,属性
薄荷白粉病,疾病名称,叶片和茎,属性,主要为害,属性
薄荷白粉病,疾病名称,叶两面生白色粉状斑,属性,症状,属性
薄荷白绢病,疾病名称,药用植物薄荷白绢病,属性,中文名,属性
薄荷白绢病,疾病名称,SclerotiumrolfsiiSacc,属性,病因原理,属性
薄荷白绢病,疾病名称,植物病,属性,类别,属性
薄荷白绢病,疾病名称,病株地上部叶片褪色,属性,发病初期,属性
薄荷锈病,疾病名称,药用植物薄荷锈病,属性,中文名,属性
薄荷锈病,疾病名称,叶片和茎,属性,主要为害,属性
薄荷锈病,疾病名称,PucciniamenthaePers,属性,病因原理,属性
薄荷锈病,疾病名称,植物病,属性,类别,属性
藜叶斑病,疾病名称,药用植物藜叶斑病,属性,中文名,属性
藜叶斑病,疾病名称,叶片和茎秆,属性,对象,属性
藜叶斑病,疾病名称,3—5mm,属性,大小,属性
藜叶斑病,疾病名称,圆形至椭圆形病斑,属性,初生,属性
藜灰斑病,疾病名称,药用植物藜灰斑病,属性,中文名,属性
藜灰斑病,疾病名称,半知菌亚门,属性,病原分类地位,属性
藜灰斑病,疾病名称,真菌,属性,类型,属性
藜灰斑病,疾病名称,叶片,属性,主要为害部位,属性
蜀葵灰斑病,疾病名称,药用植物蜀葵灰斑病,属性,中文名,属性
蜀葵灰斑病,疾病名称,CercosporaalthaeinaSacc．,属性,拉丁学名,属性
蜀葵灰斑病,疾病名称,半知菌亚门真菌,属性,类型,属性
蜀葵灰斑病,疾病名称,蜀羹,属性,主要危害作物,属性
蜀葵灰斑病,疾病名称,叶片,属性,主要为害部位,属性
蜀葵灰斑病,疾病名称,夏季多雨，天气潮湿,属性,发病条件,属性
西洋参疫病,疾病名称,药用植物西洋参疫病,属性,中文名,属性
西洋参疫病,疾病名称,西洋参,属性,主要危害作物,属性
西洋参疫病,疾病名称,叶片、叶柄和参根,属性,主要为害部位,属性
贝母灰霉病,疾病名称,药用植物贝母灰霉病,属性,中文名,属性
贝母灰霉病,疾病名称,叶片、茎秆,属性,主要为害,属性
贝母灰霉病,疾病名称,植物病,属性,类别,属性
贝母灰霉病,疾病名称,椭圆葡萄孢,属性,病因原理,属性
贝母鳞茎腐烂病,疾病名称,药用植物贝母鳞茎腐烂病,属性,中文名,属性
贝母鳞茎腐烂病,疾病名称,Fusariμmspp,属性,拉丁学名,属性
贝母鳞茎腐烂病,疾病名称,药用植物,属性,主要危害作物,属性
车前草白粉病,疾病名称,药用植物车前草白粉病,属性,中文名,属性
车前草白粉病,疾病名称,车前草,属性,主要危害作物,属性
车前草白粉病,疾病名称,叶片,属性,主要为害部位,属性
车前草白粉病,疾病名称,污色白粉菌,属性,病原物,属性
金银花,疾病名称,2012年11月,属性,出版时间,属性
金银花,疾病名称,176页,属性,页数,属性
金银花,疾病名称,29元,属性,定价,属性
金银花,疾病名称,9787511610294,属性,ISBN,属性
长春花变叶病,疾病名称,药用植物长春花变叶病,属性,中文名,属性
长春花变叶病,疾病名称,Catharanthusroseus,属性,外文名,属性
长春花变叶病,疾病名称,夹竹桃科多年生草本,属性,本生,属性
长春花变叶病,疾病名称,入药,属性,作用,属性
阳春砂仁叶斑病,疾病名称,药用植物阳春砂仁叶斑病,属性,中文名,属性
阳春砂仁叶斑病,疾病名称,砂仁,别名,别名,别名
阳春砂仁叶斑病,疾病名称,AmomumvillosumLour,属性,中文学名,属性
阳春砂仁叶斑病,疾病名称,广东、广西、海南等省,属性,主产于,属性
魔芋白绢病,疾病名称,药用植物魔芋白绢病,属性,中文名,属性
魔芋白绢病,疾病名称,真菌,属性,类型,属性
魔芋白绢病,疾病名称,魔芋,属性,主要危害作物,属性
魔芋白绢病,疾病名称,茎或叶柄基部及球茎,属性,主要为害部位,属性
黄芪白粉病,疾病名称,药用植物黄芪白粉病,属性,中文名,属性
黄芪白粉病,疾病名称,植物病,属性,类别,属性
黄芪白粉病,疾病名称,stragalusmembranaceusBge．,属性,中文学名,属性
黄芪白粉病,疾病名称,豌豆白粉菌,属性,病因原理,属性
黄连列当,疾病名称,药用植物黄连列当,属性,中文名,属性
黄连列当,疾病名称,黄连根,属性,部位,属性
黄连列当,疾病名称,种子传播,属性,方法,属性
黄连列当,疾病名称,疾病,属性,类型,属性
菊花花叶病毒病,疾病名称,药用植物菊花花叶病毒病,属性,中文名,属性
菊花花叶病毒病,疾病名称,菊花,属性,主要危害作物,属性
菊花花叶病毒病,疾病名称,花叶,属性,主要为害部位,属性
马蔺锈病,疾病名称,药用植物马蔺锈病,属性,中文名,属性
马蔺锈病,疾病名称,药用植物,属性,主要危害作物,属性
锈病,疾病名称,菜豆、豇豆、蚕豆等豆类蔬菜,属性,多发群体,属性
锈病,疾病名称,叶片,属性,常见发病部位,属性
锈病,疾病名称,疼孢子菌纲，锈菌目，单孢锈菌属的真菌侵染所致,属性,常见病因,属性
锈病,疾病名称,叶上长满病斑，引起干枯早落,属性,常见症状,属性
锈病,疾病名称,由风传播,属性,传播途径,属性
